[2026-03-27T05:05:07.361Z] GET https://www.viewstats.com/@mrbeast/outliers → pending (?ms, ?B)
[2026-03-27T05:05:07.923Z] GET https://www.viewstats.com/_next/static/media/e4af272ccee01ff0-s.p.woff2 → 200 (175ms, 48432B)
[2026-03-27T05:05:07.923Z] GET https://px.ads.linkedin.com/collect/?pid=5727050&fmt=gif → 302 (169ms, ?B)
[2026-03-27T05:05:07.923Z] GET https://www.facebook.com/tr?id=1287287665941826&ev=PageView&noscript=1 → 200 (524ms, ?B)
[2026-03-27T05:05:07.923Z] GET https://www.viewstats.com/_next/static/css/cbaf891b424b18ca.css → 200 (293ms, 144575B)
[2026-03-27T05:05:07.923Z] GET https://www.viewstats.com/_next/static/css/a49030cc0a5c7aa5.css → 200 (171ms, 99002B)
[2026-03-27T05:05:07.923Z] GET https://www.viewstats.com/_next/static/css/feef652a2ec10d04.css → 200 (257ms, 3684B)
[2026-03-27T05:05:07.923Z] GET https://www.viewstats.com/_next/static/css/5ff78cd44d2a9462.css → 200 (293ms, 5179B)
[2026-03-27T05:05:07.923Z] GET https://www.viewstats.com/_next/static/css/687122357b8e1a23.css → 200 (286ms, 97639B)
[2026-03-27T05:05:07.923Z] GET https://www.viewstats.com/_next/static/css/eb8a1593450c42f9.css → 200 (290ms, 47486B)
[2026-03-27T05:05:07.923Z] GET https://www.viewstats.com/_next/static/css/7c641479372e3eee.css → 200 (258ms, 4616B)
[2026-03-27T05:05:07.924Z] GET https://www.viewstats.com/_next/static/css/16c2f8f07e8aca23.css → 200 (292ms, 11688B)
[2026-03-27T05:05:07.924Z] GET https://www.viewstats.com/_next/static/css/48df95d9bcf743ec.css → 200 (287ms, 16439B)
[2026-03-27T05:05:07.924Z] GET https://www.viewstats.com/_next/static/css/d84ad39b6448aa12.css → 200 (288ms, 2966B)
[2026-03-27T05:05:07.924Z] GET https://www.viewstats.com/_next/static/css/8d8b7f67cbe64950.css → 200 (271ms, 98706B)
[2026-03-27T05:05:07.924Z] GET https://www.viewstats.com/_next/static/css/05da679d71f10802.css → 200 (284ms, 15149B)
[2026-03-27T05:05:07.924Z] GET https://www.viewstats.com/_next/static/css/385379bd07bb11cc.css → 200 (285ms, 7933B)
[2026-03-27T05:05:07.924Z] GET https://www.viewstats.com/_next/static/css/03c85c0b209b32dc.css → 200 (289ms, 2230B)
[2026-03-27T05:05:07.924Z] GET https://www.viewstats.com/_next/static/css/4781314a59912a53.css → 200 (288ms, 8068B)
[2026-03-27T05:05:07.924Z] GET https://www.viewstats.com/_next/static/css/a8fc5c3c180d5ff6.css → 200 (292ms, 5823B)
[2026-03-27T05:05:07.924Z] GET https://www.viewstats.com/_next/static/css/b9b07d7c9a83825f.css → 200 (289ms, 6412B)
[2026-03-27T05:05:07.924Z] GET https://www.viewstats.com/_next/static/css/ed18aabd2b57786d.css → 200 (289ms, 8581B)
[2026-03-27T05:05:07.924Z] GET https://www.viewstats.com/_next/static/css/2b602925f29429b2.css → 200 (259ms, 100558B)
[2026-03-27T05:05:07.924Z] GET https://www.viewstats.com/_next/static/css/4d9645435975cc80.css → 200 (289ms, 4086B)
[2026-03-27T05:05:07.925Z] GET https://www.viewstats.com/_next/static/css/4593eb477cdff5fe.css → 200 (288ms, 8741B)
[2026-03-27T05:05:07.925Z] GET https://www.viewstats.com/_next/static/css/445ec7fff40695f4.css → 200 (287ms, 3599B)
[2026-03-27T05:05:07.925Z] GET https://www.viewstats.com/_next/static/css/64b4b22d7577b819.css → 200 (283ms, 22532B)
[2026-03-27T05:05:07.925Z] GET https://www.viewstats.com/_next/static/css/903ed2ca837ce9ba.css → 200 (283ms, 4109B)
[2026-03-27T05:05:07.925Z] GET https://www.viewstats.com/_next/static/chunks/webpack-2d1fa94d8cc82f00.js → pending (?ms, ?B)
[2026-03-27T05:05:07.925Z] GET https://www.viewstats.com/_next/static/chunks/08f7e83d-92564b25f3f5cd11.js → pending (?ms, ?B)
[2026-03-27T05:05:07.925Z] GET https://www.viewstats.com/_next/static/chunks/11359-5e23c752487d84b5.js → pending (?ms, ?B)
[2026-03-27T05:05:07.925Z] GET https://www.viewstats.com/_next/static/chunks/main-app-dd549a9e7677c559.js → pending (?ms, ?B)
[2026-03-27T05:05:07.925Z] GET https://www.viewstats.com/_next/static/chunks/6dc81886-37b9a2a0a4858a2c.js → pending (?ms, ?B)
[2026-03-27T05:05:07.925Z] GET https://www.viewstats.com/_next/static/chunks/47318-713dfa9c1cff734b.js → 200 (642ms, 24870B)
[2026-03-27T05:05:07.926Z] GET https://www.viewstats.com/_next/static/chunks/41863-391d9f674bda9149.js → pending (?ms, ?B)
[2026-03-27T05:05:07.926Z] GET https://www.viewstats.com/_next/static/chunks/24527-0a17572211fd8e8a.js → pending (?ms, ?B)
[2026-03-27T05:05:07.926Z] GET https://www.viewstats.com/_next/static/chunks/60273-9485dcbd7af87748.js → pending (?ms, ?B)
[2026-03-27T05:05:07.926Z] GET https://www.viewstats.com/_next/static/chunks/61181-a744a5f8faf59939.js → pending (?ms, ?B)
[2026-03-27T05:05:07.926Z] GET https://www.viewstats.com/_next/static/chunks/52181-3b6910fdf917d3ee.js → pending (?ms, ?B)
[2026-03-27T05:05:07.926Z] GET https://www.viewstats.com/_next/static/chunks/98077-705caa573440e65d.js → pending (?ms, ?B)
[2026-03-27T05:05:07.926Z] GET https://www.viewstats.com/_next/static/chunks/85019-be134aecc3252183.js → pending (?ms, ?B)
[2026-03-27T05:05:07.926Z] GET https://www.viewstats.com/_next/static/chunks/50153-af13403bab5e55fd.js → pending (?ms, ?B)
[2026-03-27T05:05:07.926Z] GET https://www.viewstats.com/_next/static/chunks/81577-0dc341da3a963a8a.js → pending (?ms, ?B)
[2026-03-27T05:05:07.926Z] GET https://www.viewstats.com/_next/static/chunks/56002-a10e018f0b0dc73e.js → pending (?ms, ?B)
[2026-03-27T05:05:07.926Z] GET https://www.viewstats.com/_next/static/chunks/30120-13ec7778ccb7b577.js → pending (?ms, ?B)
[2026-03-27T05:05:07.926Z] GET https://www.viewstats.com/_next/static/chunks/53868-2d9e6278cedfb50d.js → pending (?ms, ?B)
[2026-03-27T05:05:07.926Z] GET https://www.viewstats.com/_next/static/chunks/40044-bab26000f96dbc73.js → pending (?ms, ?B)
[2026-03-27T05:05:07.926Z] GET https://www.viewstats.com/_next/static/chunks/25277-d56382b781da9da6.js → pending (?ms, ?B)
[2026-03-27T05:05:07.926Z] GET https://www.viewstats.com/_next/static/chunks/58679-245cf43cba03764b.js → pending (?ms, ?B)
[2026-03-27T05:05:07.926Z] GET https://www.viewstats.com/_next/static/chunks/91874-ff7ce418d61ecf86.js → pending (?ms, ?B)
[2026-03-27T05:05:07.926Z] GET https://www.viewstats.com/_next/static/chunks/92860-403f6a301c5762d7.js → pending (?ms, ?B)
[2026-03-27T05:05:07.926Z] GET https://www.viewstats.com/_next/static/chunks/app/(home)/layout-7d0ab005714821c1.js → pending (?ms, ?B)
[2026-03-27T05:05:07.926Z] GET https://www.viewstats.com/_next/static/chunks/app/(home)/error-7dcfd91143bb29fb.js → pending (?ms, ?B)
[2026-03-27T05:05:07.926Z] GET https://www.viewstats.com/_next/static/chunks/app/(home)/not-found-a5c372afbcf839c7.js → pending (?ms, ?B)
[2026-03-27T05:05:07.926Z] GET https://www.viewstats.com/_next/static/chunks/app/global-error-f7b8451be5976160.js → pending (?ms, ?B)
[2026-03-27T05:05:07.926Z] GET https://www.viewstats.com/_next/static/chunks/49686-d668708c1a3bd1f3.js → pending (?ms, ?B)
[2026-03-27T05:05:07.926Z] GET https://www.viewstats.com/_next/static/chunks/61126-34298de8c02d3206.js → pending (?ms, ?B)
[2026-03-27T05:05:07.926Z] GET https://www.viewstats.com/_next/static/chunks/36204-328a8c8349fd9531.js → pending (?ms, ?B)
[2026-03-27T05:05:07.926Z] GET https://www.viewstats.com/_next/static/chunks/app/layout-c04d696bcc8f9711.js → pending (?ms, ?B)
[2026-03-27T05:05:07.926Z] GET https://www.googletagmanager.com/gtag/js?id=G-5BCH4607M9 → 200 (493ms, 565540B)
[2026-03-27T05:05:07.928Z] GET https://r.wdfl.co/rw.js → 200 (97ms, 18631B)
[2026-03-27T05:05:07.928Z] GET https://cdn.tolt.io/tolt.js → 200 (45ms, 4256B)
[2026-03-27T05:05:07.928Z] GET https://cdn.userway.org/widget.js → 200 (164ms, 1738B)
[2026-03-27T05:05:07.928Z] GET https://cdn.paddle.com/paddle/v2/paddle.js → 200 (65ms, 52127B)
[2026-03-27T05:05:07.928Z] GET https://appleid.cdn-apple.com/appleauth/static/jsapi/appleid/1/en_US/appleid.auth.js → 200 (47ms, 43178B)
[2026-03-27T05:05:07.929Z] GET https://static.cloudflareinsights.com/beacon.min.js/v8c78df7c7c0f484497ecbca7046644da1771523124516 → pending (?ms, ?B)
[2026-03-27T05:05:08.092Z] GET https://px.ads.linkedin.com/collect/?pid=5727050&fmt=gif&cookiesTest=true → 302 (149ms, ?B)
[2026-03-27T05:05:08.241Z] GET https://www.linkedin.com/px/li_sync?redirect=https%3A%2F%2Fpx.ads.linkedin.com%2Fcollect%2F%3Fpid%3D5727050%26fmt%3Dgif%26cookiesTest%3Dtrue%26liSync%3Dtrue → pending (?ms, ?B)
[2026-03-27T05:05:08.620Z] GET https://px.ads.linkedin.com/collect/?pid=5727050&fmt=gif&cookiesTest=true&liSync=true → 200 (139ms, 43B)
[2026-03-27T05:05:09.175Z] GET https://www.googletagmanager.com/gtm.js?id=GTM-5CTWM6C8 → 200 (345ms, 488309B)
[2026-03-27T05:05:09.175Z] GET https://connect.facebook.net/en_US/fbevents.js → 200 (99ms, 365097B)
[2026-03-27T05:05:09.176Z] GET https://cdn.mxpnl.com/libs/mixpanel-2-latest.min.js → 200 (68ms, 97798B)
[2026-03-27T05:05:09.176Z] GET https://snap.licdn.com/li.lms-analytics/insight.min.js → 200 (371ms, 53612B)
[2026-03-27T05:05:09.184Z] GET https://cdn.jsdelivr.net/npm/psl/dist/psl.min.js → 200 (113ms, 157794B)
[2026-03-27T05:05:09.184Z] GET https://cdn.userway.org/widgetapp/2026-03-20-13-54-16/widget_app_base_1774014856108.js → 200 (385ms, 160154B)
[2026-03-27T05:05:09.188Z] POST https://logs.viewstats.com/rum/v1/default/rum?o2source=browser&o2tags=sdk_version%3A0.2.11%2Capi%3Afetch%2Cenv%3Aprod%2Cservice%3Aviewstats-web%2Cversion%3Av-3efef7ea5ba294573b1efea8bf4c02f590a0d674&o2-api-key=rumwoHeWeLpKk53Wbog&o2-evp-origin-version=0.2.11&o2-evp-origin=browser&o2-request-id=1a2f8467-1dc6-44df-a985-b06326c179ff&batch_time=1774587909185 → pending (?ms, ?B)
[2026-03-27T05:05:09.188Z] POST https://logs.viewstats.com/rum/v1/default/rum?o2source=browser&o2tags=sdk_version%3A0.2.11%2Capi%3Afetch%2Cenv%3Aprod%2Cservice%3Aviewstats-web%2Cversion%3Av-3efef7ea5ba294573b1efea8bf4c02f590a0d674&o2-api-key=rumwoHeWeLpKk53Wbog&o2-evp-origin-version=0.2.11&o2-evp-origin=browser&o2-request-id=fa3add17-41d7-4c3b-8feb-f0846f567495&batch_time=1774587909186 → pending (?ms, ?B)
[2026-03-27T05:05:09.188Z] POST https://logs.viewstats.com/rum/v1/default/rum?o2source=browser&o2tags=sdk_version%3A0.2.11%2Capi%3Afetch%2Cenv%3Aprod%2Cservice%3Aviewstats-web%2Cversion%3Av-3efef7ea5ba294573b1efea8bf4c02f590a0d674&o2-api-key=rumwoHeWeLpKk53Wbog&o2-evp-origin-version=0.2.11&o2-evp-origin=browser&o2-request-id=4d5c0974-a6b6-405e-9fdb-3226c3ca853f&batch_time=1774587909187 → pending (?ms, ?B)
[2026-03-27T05:05:09.214Z] POST https://featureassets.org/v1/initialize?k=client-VfILmBGz1207Toqf802NsxDnNc2hcNlIcviA2ao0lNJ&st=javascript-client&sv=3.30.2&t=1774587909212&sid=a2787dab-5571-4b18-8a7d-a96296f143f4&se=1 → 200 (347ms, 1511B)
[2026-03-27T05:05:09.214Z] POST https://prodregistryv2.org/v1/rgstr?k=client-VfILmBGz1207Toqf802NsxDnNc2hcNlIcviA2ao0lNJ&st=javascript-client&sv=3.30.2&t=1774587909213&sid=a2787dab-5571-4b18-8a7d-a96296f143f4&ec=1&gz=1 → 202 (333ms, 16B)
[2026-03-27T05:05:09.214Z] POST https://prodregistryv2.org/v1/rgstr?k=client-VfILmBGz1207Toqf802NsxDnNc2hcNlIcviA2ao0lNJ&st=javascript-client&sv=3.30.2&t=1774587909213&sid=a2787dab-5571-4b18-8a7d-a96296f143f4&ec=1&gz=1 → 202 (333ms, 16B)
[2026-03-27T05:05:09.235Z] POST https://analytics.google.com/g/collect?v=2&tid=G-5BCH4607M9&gtm=45je63p1v9123487123za200zd9123487123&_p=1774587909165&_gaz=1&gcd=13l3l3l3l1l1&npa=0&dma=0&cid=193949307.1774587909&ul=en-us&sr=1280x720&uaa=arm&uab=64&uafvl=Not%253AA-Brand%3B99.0.0.0%7CHeadlessChrome%3B145.0.7632.6%7CChromium%3B145.0.7632.6&uamb=0&uam=&uap=macOS&uapv=26.3.1&uaw=0&are=1&frm=0&pscdl=noapi&_eu=AAAAAGA&gaf=2&_s=1&tag_exp=0~115616985~115938465~115938468~116991816~117266400~117484252~118128923&uid=&sid=1774587909&sct=1&seg=0&dl=https%3A%2F%2Fwww.viewstats.com%2F%40mrbeast%2Foutliers&dt=Page%20Not%20Found%20-%20Viewstats&en=page_view&_fv=1&_nsi=1&_ss=1&_ee=1&tfd=1872 → pending (?ms, ?B)
[2026-03-27T05:05:09.235Z] POST https://stats.g.doubleclick.net/g/collect?v=2&tid=G-5BCH4607M9&cid=193949307.1774587909&gtm=45je63p1v9123487123za200zd9123487123&aip=1&dma=0&gcd=13l3l3l3l1l1&npa=0&frm=0&tag_exp=0~115616985~115938465~115938468~116991816~117266400~117484252~118128923 → pending (?ms, ?B)
[2026-03-27T05:05:09.235Z] GET https://www.google.co.kr/ads/ga-audiences?v=1&t=sr&slf_rd=1&_r=4&tid=G-5BCH4607M9&cid=193949307.1774587909&gtm=45je63p1v9123487123za200zd9123487123&aip=1&dma=0&gcd=13l3l3l3l1l1&npa=0&frm=0&tag_exp=0~115616985~115938465~115938468~116991816~117266400~117484252~118128923&z=2105423222 → pending (?ms, ?B)
[2026-03-27T05:05:09.243Z] GET https://www.viewstats.com/_next/static/chunks/53725.4a92d61521208f95.js → 200 (213ms, 1146B)
[2026-03-27T05:05:09.243Z] GET https://www.viewstats.com/_next/static/chunks/51114.87ade98151821467.js → 200 (213ms, 2487B)
[2026-03-27T05:05:09.258Z] GET https://www.viewstats.com/_next/static/css/5cc1f972f0d83488.css → 200 (198ms, 5501B)
[2026-03-27T05:05:09.266Z] GET https://cdn.mxpnl.com/libs/mixpanel-recorder-wIWnMDLA.min.js → 200 (222ms, 340747B)
[2026-03-27T05:05:09.290Z] GET https://connect.facebook.net/signals/config/1287287665941826?v=2.9.281&r=stable&domain=www.viewstats.com&hme=7561e8db2489737df4c74b634c943d82cefbf4e67acc7fda2493ff919471f0aa&ex_m=101%2C194%2C143%2C22%2C69%2C70%2C136%2C65%2C64%2C11%2C151%2C87%2C16%2C130%2C123%2C72%2C75%2C129%2C148%2C153%2C8%2C4%2C5%2C7%2C6%2C3%2C88%2C98%2C154%2C159%2C208%2C59%2C175%2C176%2C52%2C264%2C30%2C71%2C220%2C219%2C218%2C23%2C32%2C100%2C58%2C10%2C60%2C94%2C95%2C96%2C102%2C126%2C31%2C29%2C128%2C125%2C124%2C144%2C73%2C147%2C145%2C146%2C47%2C57%2C119%2C15%2C150%2C42%2C251%2C252%2C250%2C26%2C27%2C28%2C45%2C137%2C74%2C109%2C18%2C20%2C41%2C37%2C39%2C38%2C80%2C89%2C93%2C107%2C135%2C138%2C43%2C108%2C24%2C21%2C115%2C66%2C35%2C140%2C139%2C141%2C132%2C131%2C25%2C34%2C56%2C106%2C149%2C67%2C17%2C142%2C111%2C78%2C63%2C19%2C82%2C83%2C112%2C81%2C33%2C280%2C201%2C190%2C191%2C189%2C283%2C275%2C49%2C202%2C104%2C127%2C77%2C117%2C51%2C44%2C46%2C110%2C116%2C122%2C55%2C61%2C50%2C53%2C97%2C152%2C1%2C120%2C14%2C118%2C12%2C2%2C54%2C90%2C62%2C114%2C86%2C85%2C155%2C156%2C91%2C92%2C9%2C121%2C99%2C48%2C133%2C84%2C76%2C68%2C113%2C103%2C40%2C134%2C0%2C79%2C36%2C105%2C13%2C157 → 200 (237ms, 162326B)
[2026-03-27T05:05:09.404Z] POST https://prodregistryv2.org/v1/rgstr?k=client-VfILmBGz1207Toqf802NsxDnNc2hcNlIcviA2ao0lNJ&st=javascript-client&sv=3.30.2&t=1774587909403&sid=a2787dab-5571-4b18-8a7d-a96296f143f4&ec=2&gz=1 → 202 (145ms, 16B)
[2026-03-27T05:05:09.457Z] POST https://logs.viewstats.com/rum/v1/default/rum?o2source=browser&o2tags=sdk_version%3A0.2.11%2Capi%3Afetch%2Cenv%3Aprod%2Cservice%3Aviewstats-web%2Cversion%3Av-3efef7ea5ba294573b1efea8bf4c02f590a0d674&o2-api-key=rumwoHeWeLpKk53Wbog&o2-evp-origin-version=0.2.11&o2-evp-origin=browser&o2-request-id=e32837ea-a658-4032-8da3-a2b93b1f0d00&batch_time=1774587909456 → pending (?ms, ?B)
[2026-03-27T05:05:09.464Z] GET https://api.viewstats.com/channels/popular?total=5 → pending (?ms, ?B)
[2026-03-27T05:05:09.464Z] GET https://www.viewstats.com/api/payment/prices → pending (?ms, ?B)
[2026-03-27T05:05:09.464Z] GET https://auth.viewstats.com/user/me/creator-info → pending (?ms, ?B)
[2026-03-27T05:05:09.483Z] GET https://www.viewstats.com/search-gray.svg → pending (?ms, ?B)
[2026-03-27T05:05:09.483Z] GET https://www.viewstats.com/youtube-bw.svg → pending (?ms, ?B)
[2026-03-27T05:05:09.484Z] GET https://www.viewstats.com/discord.svg → pending (?ms, ?B)
[2026-03-27T05:05:09.484Z] GET https://www.viewstats.com/x-logo.svg → pending (?ms, ?B)
[2026-03-27T05:05:09.484Z] GET https://www.viewstats.com/instagram.svg → pending (?ms, ?B)
[2026-03-27T05:05:09.484Z] GET https://www.viewstats.com/linked-in.svg → pending (?ms, ?B)
[2026-03-27T05:05:09.484Z] GET https://www.viewstats.com/chrome.svg → pending (?ms, ?B)
[2026-03-27T05:05:09.487Z] GET https://www.viewstats.com/upgrade-pro?_rsc=th5k2 → pending (?ms, ?B)
[2026-03-27T05:05:09.487Z] GET https://www.viewstats.com/login?redirectUri=https%3A%2F%2Fwww.viewstats.com%2F%40mrbeast%2Foutliers%3F&_rsc=th5k2 → pending (?ms, ?B)
[2026-03-27T05:05:09.487Z] GET https://www.viewstats.com/signup?redirectUri=https%3A%2F%2Fwww.viewstats.com%2F%40mrbeast%2Foutliers%3F&_rsc=th5k2 → pending (?ms, ?B)
[2026-03-27T05:05:09.546Z] GET https://www.googletagmanager.com/gtag/js?id=AW-11220119608&cx=c&gtm=4e63p1 → pending (?ms, ?B)
[2026-03-27T05:05:09.546Z] GET https://static.ads-twitter.com/uwt.js → pending (?ms, ?B)
[2026-03-27T05:05:09.546Z] GET https://public.profitwell.com/js/profitwell.js?auth=4a7e92f597c4949a1ef2cddf1bf2d656 → pending (?ms, ?B)
[2026-03-27T05:05:09.546Z] POST https://www.google.com/ccm/collect?frm=0&ae=g&en=page_view&dl=https%3A%2F%2Fwww.viewstats.com%2F%40mrbeast%2Foutliers&scrsrc=www.googletagmanager.com&rnd=340963700.1774587910&dt=Page%20Not%20Found%20-%20Viewstats&auid=683403823.1774587910&navt=n&npa=0&ep.ads_data_redaction=0&gtm=45He63p1v9171438122za200zd9171438122xea&gcd=13l3l3l3l1l1&dma=0&tag_exp=0~115938465~115938468~116133313~117484252~117884344&apve=1&apvf=f&apvc=1&tft=1774587909545&tfd=2184 → pending (?ms, ?B)
[2026-03-27T05:05:09.572Z] GET https://px.ads.linkedin.com/attribution_trigger?pid=5727050&time=1774587909570&url=https%3A%2F%2Fwww.viewstats.com%2F%40mrbeast%2Foutliers → pending (?ms, ?B)
[2026-03-27T05:05:09.572Z] GET https://px.ads.linkedin.com/collect?v=2&fmt=js&pid=5727050&time=1774587909570&li_adsId=7458781f-635f-45c2-921f-266788e3427e&url=https%3A%2F%2Fwww.viewstats.com%2F%40mrbeast%2Foutliers → pending (?ms, ?B)
[2026-03-27T05:05:10.352Z] POST https://api.userway.org/api/v1/tunings/pcPmJAs7GU → pending (?ms, ?B)
[2026-03-27T05:05:10.354Z] POST https://logs.viewstats.com/rum/v1/default/rum?o2source=browser&o2tags=sdk_version%3A0.2.11%2Capi%3Afetch%2Cenv%3Aprod%2Cservice%3Aviewstats-web%2Cversion%3Av-3efef7ea5ba294573b1efea8bf4c02f590a0d674&o2-api-key=rumwoHeWeLpKk53Wbog&o2-evp-origin-version=0.2.11&o2-evp-origin=browser&o2-request-id=f320b7fe-5899-4a1f-96a6-71440e8e71a0&batch_time=1774587909627 → pending (?ms, ?B)
[2026-03-27T05:05:10.354Z] POST https://logs.viewstats.com/rum/v1/default/rum?o2source=browser&o2tags=sdk_version%3A0.2.11%2Capi%3Axhr%2Cenv%3Aprod%2Cservice%3Aviewstats-web%2Cversion%3Av-3efef7ea5ba294573b1efea8bf4c02f590a0d674&o2-api-key=rumwoHeWeLpKk53Wbog&o2-evp-origin-version=0.2.11&o2-evp-origin=browser&o2-request-id=ec795ff7-e98a-4a0b-b64b-462a21ff2be8&batch_time=1774587909628 → pending (?ms, ?B)
[2026-03-27T05:05:10.356Z] POST https://px.ads.linkedin.com/wa/?medium=fetch&fmt=g → pending (?ms, ?B)
[2026-03-27T05:05:10.356Z] GET https://googleads.g.doubleclick.net/pagead/viewthroughconversion/11220119608/?random=1774587909775&cv=11&fst=1774587909775&bg=ffffff&guid=ON&async=1&en=gtag.config&gtm=45be63p1v9123481326z89171438122za20gzb9171438122zd9171438122xec&gcd=13l3l3l3l1l1&dma=0&tag_exp=0~115938465~115938468~117266401~117484252&u_w=1280&u_h=720&url=https%3A%2F%2Fwww.viewstats.com%2F%40mrbeast%2Foutliers&frm=0&tiba=Page%20Not%20Found%20-%20Viewstats&hn=www.googleadservices.com&npa=0&pscdl=noapi&auid=683403823.1774587910&uaa=arm&uab=64&uafvl=Not%253AA-Brand%3B99.0.0.0%7CHeadlessChrome%3B145.0.7632.6%7CChromium%3B145.0.7632.6&uamb=0&uam=&uap=macOS&uapv=26.3.1&uaw=0&data=event%3Dgtag.config&rfmt=3&fmt=4 → 200 (202ms, 5331B)
[2026-03-27T05:05:10.356Z] GET https://googleads.g.doubleclick.net/pagead/viewthroughconversion/11220119608/?random=1774587909793&cv=11&fst=1774587909793&bg=ffffff&guid=ON&async=1&gtm=45be63p1v9123481326z89171438122za20gzb9171438122zd9171438122xea&gcd=13l3l3l3l1l1&dma=0&tag_exp=0~115938465~115938468~117266401~117484252&u_w=1280&u_h=720&url=https%3A%2F%2Fwww.viewstats.com%2F%40mrbeast%2Foutliers&frm=0&tiba=Page%20Not%20Found%20-%20Viewstats&hn=www.googleadservices.com&npa=0&pscdl=noapi&auid=683403823.1774587910&uaa=arm&uab=64&uafvl=Not%253AA-Brand%3B99.0.0.0%7CHeadlessChrome%3B145.0.7632.6%7CChromium%3B145.0.7632.6&uamb=0&uam=&uap=macOS&uapv=26.3.1&uaw=0&_tu=CA&rfmt=3&fmt=4 → 200 (207ms, 5253B)
[2026-03-27T05:05:10.356Z] POST https://www.google.com/ccm/collect?frm=0&en=page_view&dl=https%3A%2F%2Fwww.viewstats.com%2F%40mrbeast%2Foutliers&scrsrc=www.googletagmanager.com&rnd=340963700.1774587910&dt=Page%20Not%20Found%20-%20Viewstats&auid=683403823.1774587910&navt=n&npa=0&gtm=45be63p1v9123481326z89171438122za20gzb9171438122zd9171438122xec&gcd=13l3l3l3l1l1&dma=0&tag_exp=0~115938465~115938468~117266401~117484252&apve=1&apvf=f&apvc=0&tids=AW-11220119608&tid=AW-11220119608&tft=1774587909795&tfd=2434 → 200 (221ms, ?B)
[2026-03-27T05:05:10.356Z] POST https://www.google.com/ccm/collect?frm=0&ae=g&dl=https%3A%2F%2Fwww.viewstats.com%2F%40mrbeast%2Foutliers&scrsrc=www.googletagmanager.com&rnd=340963700.1774587910&dt=Page%20Not%20Found%20-%20Viewstats&auid=683403823.1774587910&navt=n&npa=0&_tu=CA&gtm=45be63p1v9123481326z89171438122za20gzb9171438122zd9171438122xea&gcd=13l3l3l3l1l1&dma=0&tag_exp=0~115938465~115938468~117266401~117484252&apve=1&apvf=f&apvc=0&tids=AW-11220119608&tid=AW-11220119608&tft=1774587909795&tfd=2435 → 200 (220ms, ?B)
[2026-03-27T05:05:10.554Z] GET https://t.co/1/i/adsct?bci=4&dv=Asia%2FSeoul%26en-US%26Google%20Inc.%26MacIntel%26127%261280%26720%268%2624%261280%26720%260%26na&eci=3&event=%7B%7D&event_id=30afa8a9-8801-43e5-8dfb-0ea5cd47ebba&integration=gtm&p_id=Twitter&p_user_id=0&pl_id=ed795a3a-9ecf-4f5d-a72e-deb076bff7d5&pt=Page%20Not%20Found%20-%20Viewstats&tw_document_href=https%3A%2F%2Fwww.viewstats.com%2F%40mrbeast%2Foutliers&tw_iframe_status=0&tw_pid_src=1&twpid=tw.1774587910552.775548226768042244&txn_id=oncdw&type=javascript&version=2.3.50 → pending (?ms, ?B)
[2026-03-27T05:05:10.554Z] GET https://analytics.twitter.com/1/i/adsct?bci=4&dv=Asia%2FSeoul%26en-US%26Google%20Inc.%26MacIntel%26127%261280%26720%268%2624%261280%26720%260%26na&eci=3&event=%7B%7D&event_id=30afa8a9-8801-43e5-8dfb-0ea5cd47ebba&integration=gtm&p_id=Twitter&p_user_id=0&pl_id=ed795a3a-9ecf-4f5d-a72e-deb076bff7d5&pt=Page%20Not%20Found%20-%20Viewstats&tw_document_href=https%3A%2F%2Fwww.viewstats.com%2F%40mrbeast%2Foutliers&tw_iframe_status=0&tw_pid_src=1&twpid=tw.1774587910552.775548226768042244&txn_id=oncdw&type=javascript&version=2.3.50 → pending (?ms, ?B)
[2026-03-27T05:05:10.556Z] GET https://www.viewstats.com/privacy?_rsc=th5k2 → pending (?ms, ?B)
[2026-03-27T05:05:10.558Z] GET https://www.google.com/pagead/1p-user-list/11220119608/?random=1774587909775&cv=11&fst=1774587600000&bg=ffffff&guid=ON&async=1&en=gtag.config&gtm=45be63p1v9123481326z89171438122za20gzb9171438122zd9171438122xec&gcd=13l3l3l3l1l1&dma=0&tag_exp=0~115938465~115938468~117266401~117484252&u_w=1280&u_h=720&url=https%3A%2F%2Fwww.viewstats.com%2F%40mrbeast%2Foutliers&frm=0&tiba=Page%20Not%20Found%20-%20Viewstats&hn=www.googleadservices.com&npa=0&pscdl=noapi&auid=683403823.1774587910&uaa=arm&uab=64&uafvl=Not%253AA-Brand%3B99.0.0.0%7CHeadlessChrome%3B145.0.7632.6%7CChromium%3B145.0.7632.6&uamb=0&uam=&uap=macOS&uapv=26.3.1&uaw=0&data=event%3Dgtag.config&rfmt=3&fmt=3&is_vtc=1&cid=CAQSsQEABaugfVkLdFfBKQ_2KKxCqZvOXjbkSOQdWYlU4fm7CqI2OGTi6boIY3LguSNlfSrNq-eMaTXpEHszVLN8Wuhu081Ho7QIIF4CpEQGuqWaI4sT4QYSYjZhw2NwF_Y9UT6nhdRWqsn_eh57nJRZqxlZ6MVNIfUN4Ys9IB-0GcHX9vA4U6dRlQ-Rrgv-SuIniQ2W6UQu7gVRYChjV6JUXrxMNH4Hq_INNJQybYnSlsMgXkE&random=3208685965&rmt_tld=0&ipr=y → pending (?ms, ?B)
[2026-03-27T05:05:10.558Z] GET https://www.google.co.kr/pagead/1p-user-list/11220119608/?random=1774587909775&cv=11&fst=1774587600000&bg=ffffff&guid=ON&async=1&en=gtag.config&gtm=45be63p1v9123481326z89171438122za20gzb9171438122zd9171438122xec&gcd=13l3l3l3l1l1&dma=0&tag_exp=0~115938465~115938468~117266401~117484252&u_w=1280&u_h=720&url=https%3A%2F%2Fwww.viewstats.com%2F%40mrbeast%2Foutliers&frm=0&tiba=Page%20Not%20Found%20-%20Viewstats&hn=www.googleadservices.com&npa=0&pscdl=noapi&auid=683403823.1774587910&uaa=arm&uab=64&uafvl=Not%253AA-Brand%3B99.0.0.0%7CHeadlessChrome%3B145.0.7632.6%7CChromium%3B145.0.7632.6&uamb=0&uam=&uap=macOS&uapv=26.3.1&uaw=0&data=event%3Dgtag.config&rfmt=3&fmt=3&is_vtc=1&cid=CAQSsQEABaugfVkLdFfBKQ_2KKxCqZvOXjbkSOQdWYlU4fm7CqI2OGTi6boIY3LguSNlfSrNq-eMaTXpEHszVLN8Wuhu081Ho7QIIF4CpEQGuqWaI4sT4QYSYjZhw2NwF_Y9UT6nhdRWqsn_eh57nJRZqxlZ6MVNIfUN4Ys9IB-0GcHX9vA4U6dRlQ-Rrgv-SuIniQ2W6UQu7gVRYChjV6JUXrxMNH4Hq_INNJQybYnSlsMgXkE&random=3208685965&rmt_tld=1&ipr=y → pending (?ms, ?B)
[2026-03-27T05:05:10.564Z] GET https://www.google.com/pagead/1p-user-list/11220119608/?random=1774587909793&cv=11&fst=1774587600000&bg=ffffff&guid=ON&async=1&gtm=45be63p1v9123481326z89171438122za20gzb9171438122zd9171438122xea&gcd=13l3l3l3l1l1&dma=0&tag_exp=0~115938465~115938468~117266401~117484252&u_w=1280&u_h=720&url=https%3A%2F%2Fwww.viewstats.com%2F%40mrbeast%2Foutliers&frm=0&tiba=Page%20Not%20Found%20-%20Viewstats&hn=www.googleadservices.com&npa=0&pscdl=noapi&auid=683403823.1774587910&uaa=arm&uab=64&uafvl=Not%253AA-Brand%3B99.0.0.0%7CHeadlessChrome%3B145.0.7632.6%7CChromium%3B145.0.7632.6&uamb=0&uam=&uap=macOS&uapv=26.3.1&uaw=0&_tu=CA&rfmt=3&fmt=3&is_vtc=1&cid=CAQSsQEABaugfR1byRieWLMlMtMo58bHB64vZKAwfQn29ZxLEdvkFh_oky-Lugr-ytnMy4z8buLe0aVgko187VRpeMMbFrTxF6g9yBK8NyRFMvPk1GeSkeQIIcKiKlIgrv-80S1gMhTdLGXjcy8bIvyVFiRW3BSX283NyaVfuErM2V5zDjKTBLMx0AO06LeiH0HIkbPV1zZKhyjjpdytIHCLqgsZZ0v_6avnNAOYA6dFAExyLis&random=2907706333&rmt_tld=0&ipr=y → pending (?ms, ?B)
[2026-03-27T05:05:10.564Z] GET https://www.google.co.kr/pagead/1p-user-list/11220119608/?random=1774587909793&cv=11&fst=1774587600000&bg=ffffff&guid=ON&async=1&gtm=45be63p1v9123481326z89171438122za20gzb9171438122zd9171438122xea&gcd=13l3l3l3l1l1&dma=0&tag_exp=0~115938465~115938468~117266401~117484252&u_w=1280&u_h=720&url=https%3A%2F%2Fwww.viewstats.com%2F%40mrbeast%2Foutliers&frm=0&tiba=Page%20Not%20Found%20-%20Viewstats&hn=www.googleadservices.com&npa=0&pscdl=noapi&auid=683403823.1774587910&uaa=arm&uab=64&uafvl=Not%253AA-Brand%3B99.0.0.0%7CHeadlessChrome%3B145.0.7632.6%7CChromium%3B145.0.7632.6&uamb=0&uam=&uap=macOS&uapv=26.3.1&uaw=0&_tu=CA&rfmt=3&fmt=3&is_vtc=1&cid=CAQSsQEABaugfR1byRieWLMlMtMo58bHB64vZKAwfQn29ZxLEdvkFh_oky-Lugr-ytnMy4z8buLe0aVgko187VRpeMMbFrTxF6g9yBK8NyRFMvPk1GeSkeQIIcKiKlIgrv-80S1gMhTdLGXjcy8bIvyVFiRW3BSX283NyaVfuErM2V5zDjKTBLMx0AO06LeiH0HIkbPV1zZKhyjjpdytIHCLqgsZZ0v_6avnNAOYA6dFAExyLis&random=2907706333&rmt_tld=1&ipr=y → pending (?ms, ?B)
[2026-03-27T05:05:10.661Z] GET https://cdn.userway.org/widgetapp/2026-03-20-13-54-16/locales/en-US.json → 200 (36ms, 673B)
[2026-03-27T05:05:10.754Z] POST https://www.viewstats.com/cdn-cgi/rum? → 204 (336ms, ?B)
[2026-03-27T05:05:11.099Z] GET https://yt3.ggpht.com/YPiqL_eCFzCI8cVU_bZrQ0jTrGRNp6lc7a8hR5qmszAjHSL8qnqBgRunlPd8eZZAWHlKAtFRew=s800-c-k-c0x00ffffff-no-rj → 200 (232ms, 96541B)
[2026-03-27T05:05:11.099Z] GET https://yt3.ggpht.com/ytc/AIdro_l9fWjJ_HbQgKpYTpi5Y21Cwow2-m0OBsxwzXyf6CE28ro=s800-c-k-c0x00ffffff-no-rj → 200 (262ms, ?B)
[2026-03-27T05:05:11.099Z] GET https://yt3.ggpht.com/ytc/AIdro_ll42qUILSk__20jYy2w6SH2qgOkWgQAK383pCJ-V_P07o=s800-c-k-c0x00ffffff-no-rj → 200 (215ms, 143258B)
[2026-03-27T05:05:11.099Z] GET https://yt3.ggpht.com/WxHs0Jf1Jp_4ZU84wxnRL0owNHkzaLUEiD-GIfgCrVjZ0JhgriPTdPfGrkf-U7zwIs5zQl9ccg=s800-c-k-c0x00ffffff-no-rj → pending (?ms, ?B)
[2026-03-27T05:05:11.099Z] GET https://yt3.ggpht.com/nxYrc_1_2f77DoBadyxMTmv7ZpRZapHR5jbuYe7PlPd5cIRJxtNNEYyOC0ZsxaDyJJzXrnJiuDE=s800-c-k-c0x00ffffff-no-rj → 200 (131ms, 107508B)
[2026-03-27T05:05:11.164Z] GET https://cdn.userway.org/widgetapp/2026-03-20-13-54-16/remediation/remediation_1774014856108.js → 200 (60ms, 47204B)
[2026-03-27T05:05:11.164Z] GET https://cdn.userway.org/styles/2026-03-20-13-54-16/widget_base.css?v=1774014856108 → 200 (55ms, 31488B)
[2026-03-27T05:05:11.223Z] GET https://cdn.userway.org/widgetapp/images/body_wh.svg → 200 (43ms, 4561B)
[2026-03-27T05:05:11.223Z] GET https://cdn.userway.org/widgetapp/images/spin_wh.svg → 200 (44ms, 1977B)
[2026-03-27T05:05:11.857Z] GET https://auth.viewstats.com/user/me/creator-info → 401 (217ms, ?B)
[2026-03-27T05:05:14.077Z] GET https://auth.viewstats.com/user/me/creator-info → 401 (253ms, ?B)
[2026-03-27T05:05:14.250Z] POST https://analytics.google.com/g/collect?v=2&tid=G-5BCH4607M9&gtm=45je63p1v9123487123za200zd9123487123&_p=1774587909165&gcd=13l3l3l3l1l1&npa=0&dma=0&cid=193949307.1774587909&ul=en-us&sr=1280x720&uaa=arm&uab=64&uafvl=Not%253AA-Brand%3B99.0.0.0%7CHeadlessChrome%3B145.0.7632.6%7CChromium%3B145.0.7632.6&uamb=0&uam=&uap=macOS&uapv=26.3.1&uaw=0&are=1&frm=0&pscdl=noapi&_eu=AEAAAGQ&gaf=2&_s=2&tag_exp=0~115616985~115938465~115938468~116991816~117266400~117484252~118128923&uid=&sid=1774587909&sct=1&seg=0&dl=https%3A%2F%2Fwww.viewstats.com%2F%40mrbeast%2Foutliers&dt=Page%20Not%20Found%20-%20Viewstats&en=scroll&epn.percent_scrolled=90&_et=12&tfd=6888 → 204 (75ms, ?B)
[2026-03-27T05:05:14.268Z] POST https://api-js.mixpanel.com/track/?verbose=1&ip=1&_=1774587914267 → 200 (143ms, 25B)
[2026-03-27T05:05:16.224Z] GET https://api.userway.org/api/a11y-data/v0/page/https%3A%2F%2Fwww.viewstats.com%2F%40mrbeast%2Foutliers/DESKTOP/WIDGET_OFF/status → 200 (327ms, 77B)
[2026-03-27T05:05:18.334Z] GET https://auth.viewstats.com/user/me/creator-info → 401 (200ms, ?B)
[2026-03-27T05:05:19.207Z] POST https://prodregistryv2.org/v1/rgstr?k=client-VfILmBGz1207Toqf802NsxDnNc2hcNlIcviA2ao0lNJ&st=javascript-client-react&sv=3.30.2&t=1774587919206&sid=a2787dab-5571-4b18-8a7d-a96296f143f4&ec=1&gz=1 → 202 (206ms, 16B)
[2026-03-27T05:05:19.546Z] POST https://api-js.mixpanel.com/record/?%24current_url=https%3A%2F%2Fwww.viewstats.com%2F%40mrbeast%2Foutliers&%24lib_version=2.77.0&batch_start_time=1774587909.494&mp_lib=web&replay_id=572f0fe2-2cdc-4c24-a452-b613b5591c3f&replay_length_ms=3024&replay_start_time=1774587909.494&replay_start_url=https%3A%2F%2Fwww.viewstats.com%2F%40mrbeast%2Foutliers&seq=0&distinct_id=%24device%3Abb6f6269-8cea-43c6-bea5-bac4470d3585&%24device_id=bb6f6269-8cea-43c6-bea5-bac4470d3585&format=gzip → pending (?ms, ?B)
[2026-03-27T05:05:23.890Z] POST https://logs.viewstats.com/rum/v1/default/logs?o2source=browser&o2tags=sdk_version%3A0.2.11%2Capi%3Abeacon%2Cenv%3Aprod%2Cservice%3Aviewstats-web%2Cversion%3Av-3efef7ea5ba294573b1efea8bf4c02f590a0d674&o2-api-key=rumwoHeWeLpKk53Wbog&o2-evp-origin-version=0.2.11&o2-evp-origin=browser&o2-request-id=451c189c-6894-4aca-a025-080e00c9fd85 → pending (?ms, ?B)
[2026-03-27T05:05:23.890Z] POST https://logs.viewstats.com/rum/v1/default/logs?o2source=browser&o2tags=sdk_version%3A0.2.11%2Capi%3Axhr%2Cenv%3Aprod%2Cservice%3Aviewstats-web%2Cversion%3Av-3efef7ea5ba294573b1efea8bf4c02f590a0d674&o2-api-key=rumwoHeWeLpKk53Wbog&o2-evp-origin-version=0.2.11&o2-evp-origin=browser&o2-request-id=edffcc3c-039e-4c3d-9baf-25849b2a7609 → pending (?ms, ?B)
[2026-03-27T05:05:23.890Z] POST https://logs.viewstats.com/rum/v1/default/rum?o2source=browser&o2tags=sdk_version%3A0.2.11%2Capi%3Abeacon%2Cenv%3Aprod%2Cservice%3Aviewstats-web%2Cversion%3Av-3efef7ea5ba294573b1efea8bf4c02f590a0d674&o2-api-key=rumwoHeWeLpKk53Wbog&o2-evp-origin-version=0.2.11&o2-evp-origin=browser&o2-request-id=0e79dc05-98f2-49f4-87ef-a1b8be84ea95&batch_time=1774587923889 → pending (?ms, ?B)
[2026-03-27T05:05:23.891Z] POST https://logs.viewstats.com/rum/v1/default/rum?o2source=browser&o2tags=sdk_version%3A0.2.11%2Capi%3Axhr%2Cenv%3Aprod%2Cservice%3Aviewstats-web%2Cversion%3Av-3efef7ea5ba294573b1efea8bf4c02f590a0d674&o2-api-key=rumwoHeWeLpKk53Wbog&o2-evp-origin-version=0.2.11&o2-evp-origin=browser&o2-request-id=eaa5aba2-f404-4b2e-96ec-c086f83cd326&batch_time=1774587923889 → pending (?ms, ?B)
[2026-03-27T05:05:23.891Z] GET https://www.viewstats.com/@mrbeast/channelytics → 200 (335ms, 99375B)
[2026-03-27T05:05:23.891Z] POST https://prodregistryv2.org/v1/rgstr?k=client-VfILmBGz1207Toqf802NsxDnNc2hcNlIcviA2ao0lNJ&st=javascript-client-react&sv=3.30.2&t=1774587923890&sid=a2787dab-5571-4b18-8a7d-a96296f143f4&ec=1&gz=1 → 202 (89ms, ?B)
[2026-03-27T05:05:24.235Z] POST https://analytics.google.com/g/collect?v=2&tid=G-5BCH4607M9&gtm=45je63p1v9123487123za200zd9123487123&_p=1774587909165&gcd=13l3l3l3l1l1&npa=0&dma=0&cid=193949307.1774587909&ul=en-us&sr=1280x720&uaa=arm&uab=64&uafvl=Not%253AA-Brand%3B99.0.0.0%7CHeadlessChrome%3B145.0.7632.6%7CChromium%3B145.0.7632.6&uamb=0&uam=&uap=macOS&uapv=26.3.1&uaw=0&are=1&frm=0&pscdl=noapi&_eu=AAAAAGQ&gaf=2&_s=3&tag_exp=0~115616985~115938465~115938468~116991816~117266400~117484252~118128923&uid=&sid=1774587909&sct=1&seg=1&dl=https%3A%2F%2Fwww.viewstats.com%2F%40mrbeast%2Foutliers&dt=Page%20Not%20Found%20-%20Viewstats&_tu=CA&en=user_engagement&_et=14981&tfd=16871 → pending (?ms, ?B)
[2026-03-27T05:05:24.235Z] POST https://www.viewstats.com/cdn-cgi/rum? → pending (?ms, ?B)
[2026-03-27T05:05:24.236Z] POST https://logs.viewstats.com/rum/v1/default/rum?o2source=browser&o2tags=sdk_version%3A0.2.11%2Capi%3Axhr%2Cenv%3Aprod%2Cservice%3Aviewstats-web%2Cversion%3Av-3efef7ea5ba294573b1efea8bf4c02f590a0d674&o2-api-key=rumwoHeWeLpKk53Wbog&o2-evp-origin-version=0.2.11&o2-evp-origin=browser&o2-request-id=614e25a7-a4f2-45be-9e9e-351f0cec5783&batch_time=1774587924233 → pending (?ms, ?B)
[2026-03-27T05:05:24.237Z] POST https://logs.viewstats.com/rum/v1/default/rum?o2source=browser&o2tags=sdk_version%3A0.2.11%2Capi%3Axhr%2Cenv%3Aprod%2Cservice%3Aviewstats-web%2Cversion%3Av-3efef7ea5ba294573b1efea8bf4c02f590a0d674&o2-api-key=rumwoHeWeLpKk53Wbog&o2-evp-origin-version=0.2.11&o2-evp-origin=browser&o2-request-id=f45ba056-c39f-4687-90d5-372f633d2571&batch_time=1774587924234 → pending (?ms, ?B)
[2026-03-27T05:05:24.237Z] POST https://logs.viewstats.com/rum/v1/default/rum?o2source=browser&o2tags=sdk_version%3A0.2.11%2Capi%3Axhr%2Cenv%3Aprod%2Cservice%3Aviewstats-web%2Cversion%3Av-3efef7ea5ba294573b1efea8bf4c02f590a0d674&o2-api-key=rumwoHeWeLpKk53Wbog&o2-evp-origin-version=0.2.11&o2-evp-origin=browser&o2-request-id=c1594404-b813-4b42-ad79-849d86bc8738&batch_time=1774587924234 → pending (?ms, ?B)
[2026-03-27T05:05:24.238Z] POST https://logs.viewstats.com/rum/v1/default/rum?o2source=browser&o2tags=sdk_version%3A0.2.11%2Capi%3Axhr%2Cenv%3Aprod%2Cservice%3Aviewstats-web%2Cversion%3Av-3efef7ea5ba294573b1efea8bf4c02f590a0d674&o2-api-key=rumwoHeWeLpKk53Wbog&o2-evp-origin-version=0.2.11&o2-evp-origin=browser&o2-request-id=1209182c-b410-46de-a0ba-3c436890cc05&batch_time=1774587924234 → pending (?ms, ?B)
[2026-03-27T05:05:24.238Z] POST https://www.google.com/g/collect?v=2&tid=G-5BCH4607M9&gtm=45je63p1v9123487123za200zd9123487123&_p=1774587909165&gcd=13l3l3l3l1l1&npa=0&dma=0&cid=193949307.1774587909&ul=en-us&sr=1280x720&uaa=arm&uab=64&uafvl=Not%253AA-Brand%3B99.0.0.0%7CHeadlessChrome%3B145.0.7632.6%7CChromium%3B145.0.7632.6&uamb=0&uam=&uap=macOS&uapv=26.3.1&uaw=0&are=1&frm=0&pscdl=noapi&_eu=AAAAAGQ&gaf=3&_s=3&tag_exp=0%7E115616985%7E115938465%7E115938468%7E116991816%7E117266400%7E117484252%7E118128923&uid=&sid=1774587909&sct=1&seg=1&dl=https%3A%2F%2Fwww.viewstats.com%2F%40mrbeast%2Foutliers&dt=Page+Not+Found+-+Viewstats&_tu=CA&en=user_engagement&_et=14981&tfd=16871 → pending (?ms, ?B)
[2026-03-27T05:05:24.240Z] GET https://www.viewstats.com/_next/static/media/e4af272ccee01ff0-s.p.woff2 → 200 (?ms, ?B)
[2026-03-27T05:05:24.240Z] GET https://px.ads.linkedin.com/collect/?pid=5727050&fmt=gif → 200 (157ms, 43B)
[2026-03-27T05:05:24.240Z] GET https://www.facebook.com/tr?id=1287287665941826&ev=PageView&noscript=1 → 200 (29ms, ?B)
[2026-03-27T05:05:24.240Z] GET https://www.viewstats.com/_next/static/css/cbaf891b424b18ca.css → 200 (?ms, 144575B)
[2026-03-27T05:05:24.240Z] GET https://www.viewstats.com/_next/static/css/a49030cc0a5c7aa5.css → 200 (?ms, 99002B)
[2026-03-27T05:05:24.241Z] GET https://www.viewstats.com/_next/static/css/feef652a2ec10d04.css → 200 (?ms, 3684B)
[2026-03-27T05:05:24.241Z] GET https://www.viewstats.com/_next/static/css/5ff78cd44d2a9462.css → 200 (?ms, 5179B)
[2026-03-27T05:05:24.241Z] GET https://www.viewstats.com/_next/static/css/687122357b8e1a23.css → 200 (?ms, 97639B)
[2026-03-27T05:05:24.241Z] GET https://www.viewstats.com/_next/static/css/eb8a1593450c42f9.css → 200 (1ms, 47486B)
[2026-03-27T05:05:24.242Z] GET https://www.viewstats.com/_next/static/css/7c641479372e3eee.css → 200 (?ms, 4616B)
[2026-03-27T05:05:24.242Z] GET https://www.viewstats.com/_next/static/css/16c2f8f07e8aca23.css → 200 (1ms, 11688B)
[2026-03-27T05:05:24.244Z] GET https://www.viewstats.com/_next/static/css/48df95d9bcf743ec.css → 200 (?ms, 16439B)
[2026-03-27T05:05:24.247Z] GET https://www.viewstats.com/_next/static/css/d84ad39b6448aa12.css → 200 (1ms, 2966B)
[2026-03-27T05:05:24.248Z] GET https://www.viewstats.com/_next/static/css/8d8b7f67cbe64950.css → 200 (?ms, 98706B)
[2026-03-27T05:05:24.248Z] GET https://www.viewstats.com/_next/static/css/05da679d71f10802.css → 200 (?ms, 15149B)
[2026-03-27T05:05:24.248Z] GET https://www.viewstats.com/_next/static/css/385379bd07bb11cc.css → 200 (1ms, 7933B)
[2026-03-27T05:05:24.249Z] GET https://www.viewstats.com/_next/static/css/03c85c0b209b32dc.css → 200 (?ms, 2230B)
[2026-03-27T05:05:24.249Z] GET https://www.viewstats.com/_next/static/css/4781314a59912a53.css → 200 (1ms, 8068B)
[2026-03-27T05:05:24.250Z] GET https://www.viewstats.com/_next/static/css/a8fc5c3c180d5ff6.css → 200 (?ms, 5823B)
[2026-03-27T05:05:24.251Z] GET https://www.viewstats.com/_next/static/css/b9b07d7c9a83825f.css → 200 (?ms, 6412B)
[2026-03-27T05:05:24.251Z] GET https://www.viewstats.com/_next/static/css/ed18aabd2b57786d.css → 200 (?ms, 8581B)
[2026-03-27T05:05:24.251Z] GET https://www.viewstats.com/_next/static/css/2b602925f29429b2.css → 200 (?ms, 100558B)
[2026-03-27T05:05:24.251Z] GET https://www.viewstats.com/_next/static/css/4d9645435975cc80.css → 200 (?ms, 4086B)
[2026-03-27T05:05:24.251Z] GET https://www.viewstats.com/_next/static/css/4593eb477cdff5fe.css → 200 (?ms, 8741B)
[2026-03-27T05:05:24.251Z] GET https://www.viewstats.com/_next/static/css/445ec7fff40695f4.css → 200 (?ms, 3599B)
[2026-03-27T05:05:24.251Z] GET https://www.viewstats.com/_next/static/css/64b4b22d7577b819.css → 200 (1ms, 22532B)
[2026-03-27T05:05:24.252Z] GET https://www.viewstats.com/_next/static/css/903ed2ca837ce9ba.css → 200 (?ms, 4109B)
[2026-03-27T05:05:24.252Z] GET https://www.viewstats.com/_next/static/css/3db26818dd9f42e2.css → pending (?ms, ?B)
[2026-03-27T05:05:24.252Z] GET https://www.viewstats.com/_next/static/css/3f98b5fa7ee539e9.css → pending (?ms, ?B)
[2026-03-27T05:05:24.252Z] GET https://www.viewstats.com/_next/static/css/90257bc1e19ad399.css → pending (?ms, ?B)
[2026-03-27T05:05:24.252Z] GET https://www.viewstats.com/_next/static/css/249252526574e82e.css → 200 (248ms, ?B)
[2026-03-27T05:05:24.252Z] GET https://www.viewstats.com/_next/static/css/5cc1f972f0d83488.css → 200 (?ms, 5501B)
[2026-03-27T05:05:24.252Z] GET https://www.viewstats.com/_next/static/css/1ca3bb620c8db321.css → 200 (150ms, 6096B)
[2026-03-27T05:05:24.252Z] GET https://www.viewstats.com/_next/static/css/496e02cbb1be009f.css → pending (?ms, ?B)
[2026-03-27T05:05:24.252Z] GET https://www.viewstats.com/_next/static/css/6aff598cdf71ba58.css → pending (?ms, ?B)
[2026-03-27T05:05:24.252Z] GET https://www.viewstats.com/_next/static/css/5a100731069a94ff.css → pending (?ms, ?B)
[2026-03-27T05:05:24.252Z] GET https://www.viewstats.com/_next/static/css/970288edca85259e.css → pending (?ms, ?B)
[2026-03-27T05:05:24.252Z] GET https://www.viewstats.com/_next/static/css/ab686f74217cd84e.css → pending (?ms, ?B)
[2026-03-27T05:05:24.252Z] GET https://www.viewstats.com/_next/static/chunks/webpack-2d1fa94d8cc82f00.js → 200 (?ms, 27848B)
[2026-03-27T05:05:24.252Z] GET https://www.viewstats.com/_next/static/chunks/08f7e83d-92564b25f3f5cd11.js → 200 (?ms, 172838B)
[2026-03-27T05:05:24.253Z] GET https://www.viewstats.com/_next/static/chunks/11359-5e23c752487d84b5.js → 200 (?ms, 127812B)
[2026-03-27T05:05:24.253Z] GET https://www.viewstats.com/_next/static/chunks/main-app-dd549a9e7677c559.js → 200 (?ms, 5859B)
[2026-03-27T05:05:24.253Z] GET https://www.viewstats.com/_next/static/chunks/47318-713dfa9c1cff734b.js → 200 (?ms, 24870B)
[2026-03-27T05:05:24.253Z] GET https://www.viewstats.com/_next/static/chunks/app/(home)/%5BchannelHandle%5D/channelytics/loading-23f14b34035c2b3d.js → pending (?ms, ?B)
[2026-03-27T05:05:24.253Z] GET https://www.viewstats.com/_next/static/chunks/6dc81886-37b9a2a0a4858a2c.js → 200 (?ms, 69749B)
[2026-03-27T05:05:24.253Z] GET https://www.viewstats.com/_next/static/chunks/41863-391d9f674bda9149.js → 200 (?ms, 26126B)
[2026-03-27T05:05:24.253Z] GET https://www.viewstats.com/_next/static/chunks/24527-0a17572211fd8e8a.js → 200 (?ms, 34936B)
[2026-03-27T05:05:24.253Z] GET https://www.viewstats.com/_next/static/chunks/60273-9485dcbd7af87748.js → 200 (1ms, 125278B)
[2026-03-27T05:05:24.254Z] GET https://www.viewstats.com/_next/static/chunks/61181-a744a5f8faf59939.js → 200 (?ms, 24234B)
[2026-03-27T05:05:24.254Z] GET https://www.viewstats.com/_next/static/chunks/52181-3b6910fdf917d3ee.js → 200 (?ms, 14035B)
[2026-03-27T05:05:24.254Z] GET https://www.viewstats.com/_next/static/chunks/98077-705caa573440e65d.js → 200 (?ms, 102444B)
[2026-03-27T05:05:24.254Z] GET https://www.viewstats.com/_next/static/chunks/85019-be134aecc3252183.js → 200 (?ms, 97062B)
[2026-03-27T05:05:24.254Z] GET https://www.viewstats.com/_next/static/chunks/50153-af13403bab5e55fd.js → 200 (?ms, 171946B)
[2026-03-27T05:05:24.255Z] GET https://www.viewstats.com/_next/static/chunks/81577-0dc341da3a963a8a.js → 200 (?ms, 20684B)
[2026-03-27T05:05:24.255Z] GET https://www.viewstats.com/_next/static/chunks/56002-a10e018f0b0dc73e.js → 200 (?ms, 19025B)
[2026-03-27T05:05:24.255Z] GET https://www.viewstats.com/_next/static/chunks/30120-13ec7778ccb7b577.js → 200 (?ms, 79671B)
[2026-03-27T05:05:24.255Z] GET https://www.viewstats.com/_next/static/chunks/53868-2d9e6278cedfb50d.js → 200 (?ms, 233540B)
[2026-03-27T05:05:24.255Z] GET https://www.viewstats.com/_next/static/chunks/40044-bab26000f96dbc73.js → 200 (?ms, 51208B)
[2026-03-27T05:05:24.255Z] GET https://www.viewstats.com/_next/static/chunks/25277-d56382b781da9da6.js → 200 (?ms, 27772B)
[2026-03-27T05:05:24.255Z] GET https://www.viewstats.com/_next/static/chunks/58679-245cf43cba03764b.js → 200 (?ms, 30018B)
[2026-03-27T05:05:24.255Z] GET https://www.viewstats.com/_next/static/chunks/91874-ff7ce418d61ecf86.js → 200 (1ms, 20710B)
[2026-03-27T05:05:24.256Z] GET https://www.viewstats.com/_next/static/chunks/92860-403f6a301c5762d7.js → 200 (?ms, 73589B)
[2026-03-27T05:05:24.256Z] GET https://www.viewstats.com/_next/static/chunks/app/(home)/layout-7d0ab005714821c1.js → 200 (?ms, 11762B)
[2026-03-27T05:05:24.256Z] GET https://www.viewstats.com/_next/static/chunks/app/(home)/error-7dcfd91143bb29fb.js → 200 (?ms, 7162B)
[2026-03-27T05:05:24.256Z] GET https://www.viewstats.com/_next/static/chunks/68894-902a86f510c16f3a.js → pending (?ms, ?B)
[2026-03-27T05:05:24.256Z] GET https://www.viewstats.com/_next/static/chunks/87441-ee72e2ff02883ccc.js → pending (?ms, ?B)
[2026-03-27T05:05:24.256Z] GET https://www.viewstats.com/_next/static/chunks/75104-9aad734a83c80259.js → pending (?ms, ?B)
[2026-03-27T05:05:24.256Z] GET https://www.viewstats.com/_next/static/chunks/app/(home)/%5BchannelHandle%5D/layout-6ca8dd8da7d86da0.js → pending (?ms, ?B)
[2026-03-27T05:05:24.256Z] GET https://www.viewstats.com/_next/static/chunks/app/global-error-f7b8451be5976160.js → 200 (?ms, 16849B)
[2026-03-27T05:05:24.256Z] GET https://www.viewstats.com/_next/static/chunks/64005-ffc59fb38e830757.js → pending (?ms, ?B)
[2026-03-27T05:05:24.256Z] GET https://www.viewstats.com/_next/static/chunks/86880-8b1f482f6fe77316.js → pending (?ms, ?B)
[2026-03-27T05:05:24.256Z] GET https://www.viewstats.com/_next/static/chunks/92339-44a692d681859685.js → pending (?ms, ?B)
[2026-03-27T05:05:24.256Z] GET https://www.viewstats.com/_next/static/chunks/app/(home)/%5BchannelHandle%5D/channelytics/page-18fa0ac516c95cf6.js → pending (?ms, ?B)
[2026-03-27T05:05:24.256Z] GET https://www.viewstats.com/_next/static/chunks/49686-d668708c1a3bd1f3.js → 200 (?ms, 6303B)
[2026-03-27T05:05:24.256Z] GET https://www.viewstats.com/_next/static/chunks/61126-34298de8c02d3206.js → 200 (1ms, 217099B)
[2026-03-27T05:05:24.257Z] GET https://www.viewstats.com/_next/static/chunks/36204-328a8c8349fd9531.js → 200 (?ms, 29985B)
[2026-03-27T05:05:24.257Z] GET https://www.viewstats.com/_next/static/chunks/app/layout-c04d696bcc8f9711.js → 200 (?ms, 1366B)
[2026-03-27T05:05:24.257Z] GET https://www.googletagmanager.com/gtag/js?id=G-5BCH4607M9 → 200 (?ms, 565540B)
[2026-03-27T05:05:24.257Z] GET https://r.wdfl.co/rw.js → 200 (?ms, 18631B)
[2026-03-27T05:05:24.257Z] GET https://cdn.tolt.io/tolt.js → 200 (?ms, 4256B)
[2026-03-27T05:05:24.258Z] GET https://cdn.userway.org/widget.js → 200 (?ms, 1738B)
[2026-03-27T05:05:24.258Z] GET https://cdn.paddle.com/paddle/v2/paddle.js → 304 (31ms, ?B)
[2026-03-27T05:05:24.258Z] GET https://appleid.cdn-apple.com/appleauth/static/jsapi/appleid/1/en_US/appleid.auth.js → 200 (?ms, 43178B)
[2026-03-27T05:05:24.260Z] GET https://static.cloudflareinsights.com/beacon.min.js/v8c78df7c7c0f484497ecbca7046644da1771523124516 → 200 (?ms, 31169B)
[2026-03-27T05:05:24.675Z] GET https://www.viewstats.com/search-gray.svg → 304 (305ms, ?B)
[2026-03-27T05:05:24.675Z] GET https://www.viewstats.com/youtube-bw.svg → 304 (305ms, ?B)
[2026-03-27T05:05:24.675Z] GET https://www.viewstats.com/discord.svg → 304 (305ms, ?B)
[2026-03-27T05:05:24.675Z] GET https://www.viewstats.com/x-logo.svg → 304 (306ms, ?B)
[2026-03-27T05:05:24.675Z] GET https://www.viewstats.com/instagram.svg → 304 (305ms, ?B)
[2026-03-27T05:05:24.675Z] GET https://www.viewstats.com/linked-in.svg → 304 (306ms, ?B)
[2026-03-27T05:05:24.675Z] GET https://www.viewstats.com/chrome.svg → 304 (306ms, ?B)
[2026-03-27T05:05:24.675Z] GET https://www.viewstats.com/img-bg.svg → 200 (305ms, 149B)
[2026-03-27T05:05:24.699Z] GET https://www.googletagmanager.com/gtm.js?id=GTM-5CTWM6C8 → 200 (?ms, 488309B)
[2026-03-27T05:05:24.699Z] GET https://connect.facebook.net/en_US/fbevents.js → 200 (?ms, 365097B)
[2026-03-27T05:05:24.700Z] GET https://cdn.mxpnl.com/libs/mixpanel-2-latest.min.js → 200 (?ms, 97798B)
[2026-03-27T05:05:24.700Z] GET https://snap.licdn.com/li.lms-analytics/insight.min.js → 200 (?ms, 53612B)
[2026-03-27T05:05:24.712Z] GET https://cdn.jsdelivr.net/npm/psl/dist/psl.min.js → 200 (?ms, 157794B)
[2026-03-27T05:05:24.712Z] GET https://cdn.userway.org/widgetapp/2026-03-20-13-54-16/widget_app_base_1774014856108.js → 200 (?ms, 160154B)
[2026-03-27T05:05:24.717Z] POST https://logs.viewstats.com/rum/v1/default/rum?o2source=browser&o2tags=sdk_version%3A0.2.11%2Capi%3Afetch%2Cenv%3Aprod%2Cservice%3Aviewstats-web%2Cversion%3Av-3efef7ea5ba294573b1efea8bf4c02f590a0d674&o2-api-key=rumwoHeWeLpKk53Wbog&o2-evp-origin-version=0.2.11&o2-evp-origin=browser&o2-request-id=ea2e91e8-72f4-4941-b8af-1724543c26ef&batch_time=1774587924712 → pending (?ms, ?B)
[2026-03-27T05:05:24.717Z] POST https://logs.viewstats.com/rum/v1/default/rum?o2source=browser&o2tags=sdk_version%3A0.2.11%2Capi%3Afetch%2Cenv%3Aprod%2Cservice%3Aviewstats-web%2Cversion%3Av-3efef7ea5ba294573b1efea8bf4c02f590a0d674&o2-api-key=rumwoHeWeLpKk53Wbog&o2-evp-origin-version=0.2.11&o2-evp-origin=browser&o2-request-id=83d354c2-9b73-464e-9deb-4d55105e92ce&batch_time=1774587924713 → pending (?ms, ?B)
[2026-03-27T05:05:24.717Z] POST https://logs.viewstats.com/rum/v1/default/rum?o2source=browser&o2tags=sdk_version%3A0.2.11%2Capi%3Afetch%2Cenv%3Aprod%2Cservice%3Aviewstats-web%2Cversion%3Av-3efef7ea5ba294573b1efea8bf4c02f590a0d674&o2-api-key=rumwoHeWeLpKk53Wbog&o2-evp-origin-version=0.2.11&o2-evp-origin=browser&o2-request-id=ea9390f1-a946-4135-a35b-e9b9cb1c2b8f&batch_time=1774587924714 → pending (?ms, ?B)
[2026-03-27T05:05:24.717Z] POST https://logs.viewstats.com/rum/v1/default/rum?o2source=browser&o2tags=sdk_version%3A0.2.11%2Capi%3Afetch%2Cenv%3Aprod%2Cservice%3Aviewstats-web%2Cversion%3Av-3efef7ea5ba294573b1efea8bf4c02f590a0d674&o2-api-key=rumwoHeWeLpKk53Wbog&o2-evp-origin-version=0.2.11&o2-evp-origin=browser&o2-request-id=d87b7948-1c86-4c97-9f68-c71b7fc949c7&batch_time=1774587924715 → pending (?ms, ?B)
[2026-03-27T05:05:24.722Z] POST https://featureassets.org/v1/initialize?k=client-VfILmBGz1207Toqf802NsxDnNc2hcNlIcviA2ao0lNJ&st=javascript-client&sv=3.30.2&t=1774587924721&sid=a2787dab-5571-4b18-8a7d-a96296f143f4&se=1 → 204 (262ms, ?B)
[2026-03-27T05:05:24.722Z] POST https://prodregistryv2.org/v1/rgstr?k=client-VfILmBGz1207Toqf802NsxDnNc2hcNlIcviA2ao0lNJ&st=javascript-client&sv=3.30.2&t=1774587924721&sid=a2787dab-5571-4b18-8a7d-a96296f143f4&ec=1&gz=1 → 202 (125ms, 16B)
[2026-03-27T05:05:24.736Z] POST https://analytics.google.com/g/collect?v=2&tid=G-5BCH4607M9&gtm=45je63p1v9123487123za200zd9123487123&_p=1774587924693&gcd=13l3l3l3l1l1&npa=0&dma=0&cid=193949307.1774587909&ul=en-us&sr=1280x720&uaa=arm&uab=64&uafvl=Not%253AA-Brand%3B99.0.0.0%7CHeadlessChrome%3B145.0.7632.6%7CChromium%3B145.0.7632.6&uamb=0&uam=&uap=macOS&uapv=26.3.1&uaw=0&are=1&frm=0&pscdl=noapi&_eu=AgAAAGQ&_s=1&tag_exp=0~115616985~115938466~115938469~117484252&uid=&sid=1774587909&sct=1&seg=1&dl=https%3A%2F%2Fwww.viewstats.com%2F%40mrbeast%2Fchannelytics&dt=MrBeast%20-%20Viewstats&en=page_view&_ee=1&tfd=845 → 204 (107ms, ?B)
[2026-03-27T05:05:24.757Z] GET https://www.googletagmanager.com/gtag/js?id=AW-11220119608&cx=c&gtm=4e63p1 → 200 (?ms, 412183B)
[2026-03-27T05:05:24.757Z] GET https://static.ads-twitter.com/uwt.js → 200 (49ms, 48237B)
[2026-03-27T05:05:24.758Z] GET https://public.profitwell.com/js/profitwell.js?auth=4a7e92f597c4949a1ef2cddf1bf2d656 → 304 (227ms, ?B)
[2026-03-27T05:05:24.758Z] POST https://www.google.com/ccm/collect?frm=0&ae=g&en=page_view&dl=https%3A%2F%2Fwww.viewstats.com%2F%40mrbeast%2Fchannelytics&scrsrc=www.googletagmanager.com&rnd=1132564405.1774587925&dt=MrBeast%20-%20Viewstats&auid=683403823.1774587910&navt=n&npa=0&ep.ads_data_redaction=0&gtm=45He63p1v9171438122za200zd9171438122xea&gcd=13l3l3l3l1l1&dma=0&tag_exp=0~115938466~115938469~117266402~117384406~117484252&apve=1&apvf=f&apvc=1&tft=1774587924756&tfd=866 → 200 (94ms, ?B)
[2026-03-27T05:05:24.764Z] GET https://connect.facebook.net/signals/config/1287287665941826?v=2.9.281&r=stable&domain=www.viewstats.com&hme=7561e8db2489737df4c74b634c943d82cefbf4e67acc7fda2493ff919471f0aa&ex_m=101%2C194%2C143%2C22%2C69%2C70%2C136%2C65%2C64%2C11%2C151%2C87%2C16%2C130%2C123%2C72%2C75%2C129%2C148%2C153%2C8%2C4%2C5%2C7%2C6%2C3%2C88%2C98%2C154%2C159%2C208%2C59%2C175%2C176%2C52%2C264%2C30%2C71%2C220%2C219%2C218%2C23%2C32%2C100%2C58%2C10%2C60%2C94%2C95%2C96%2C102%2C126%2C31%2C29%2C128%2C125%2C124%2C144%2C73%2C147%2C145%2C146%2C47%2C57%2C119%2C15%2C150%2C42%2C251%2C252%2C250%2C26%2C27%2C28%2C45%2C137%2C74%2C109%2C18%2C20%2C41%2C37%2C39%2C38%2C80%2C89%2C93%2C107%2C135%2C138%2C43%2C108%2C24%2C21%2C115%2C66%2C35%2C140%2C139%2C141%2C132%2C131%2C25%2C34%2C56%2C106%2C149%2C67%2C17%2C142%2C111%2C78%2C63%2C19%2C82%2C83%2C112%2C81%2C33%2C280%2C201%2C190%2C191%2C189%2C283%2C275%2C49%2C202%2C104%2C127%2C77%2C117%2C51%2C44%2C46%2C110%2C116%2C122%2C55%2C61%2C50%2C53%2C97%2C152%2C1%2C120%2C14%2C118%2C12%2C2%2C54%2C90%2C62%2C114%2C86%2C85%2C155%2C156%2C91%2C92%2C9%2C121%2C99%2C48%2C133%2C84%2C76%2C68%2C113%2C103%2C40%2C134%2C0%2C79%2C36%2C105%2C13%2C157 → 200 (?ms, 162326B)
[2026-03-27T05:05:24.773Z] GET https://cdn.mxpnl.com/libs/mixpanel-recorder-wIWnMDLA.min.js → 304 (9ms, ?B)
[2026-03-27T05:05:24.773Z] GET https://px.ads.linkedin.com/attribution_trigger?pid=5727050&time=1774587924772&url=https%3A%2F%2Fwww.viewstats.com%2F%40mrbeast%2Fchannelytics → 200 (258ms, 2B)
[2026-03-27T05:05:24.773Z] GET https://px.ads.linkedin.com/collect?v=2&fmt=js&pid=5727050&time=1774587924772&li_adsId=7458781f-635f-45c2-921f-266788e3427e&url=https%3A%2F%2Fwww.viewstats.com%2F%40mrbeast%2Fchannelytics → 200 (213ms, ?B)
[2026-03-27T05:05:24.784Z] POST https://api.userway.org/api/v1/tunings/pcPmJAs7GU → 200 (230ms, 1547B)
[2026-03-27T05:05:24.796Z] GET https://googleads.g.doubleclick.net/pagead/viewthroughconversion/11220119608/?random=1774587924788&cv=11&fst=1774587924788&bg=ffffff&guid=ON&async=1&en=gtag.config&gtm=45be63p1v9123481326z89171438122za20gzb9171438122zd9171438122xec&gcd=13l3l3l3l1l1&dma=0&tag_exp=0~115616986~115938466~115938468~117266400~117484252&u_w=1280&u_h=720&url=https%3A%2F%2Fwww.viewstats.com%2F%40mrbeast%2Fchannelytics&frm=0&tiba=MrBeast%20-%20Viewstats&hn=www.googleadservices.com&npa=0&pscdl=noapi&auid=683403823.1774587910&uaa=arm&uab=64&uafvl=Not%253AA-Brand%3B99.0.0.0%7CHeadlessChrome%3B145.0.7632.6%7CChromium%3B145.0.7632.6&uamb=0&uam=&uap=macOS&uapv=26.3.1&uaw=0&data=event%3Dgtag.config&rfmt=3&fmt=4 → 200 (186ms, 5373B)
[2026-03-27T05:05:24.796Z] GET https://googleads.g.doubleclick.net/pagead/viewthroughconversion/11220119608/?random=1774587924791&cv=11&fst=1774587924791&bg=ffffff&guid=ON&async=1&gtm=45be63p1v9123481326z89171438122za20gzb9171438122zd9171438122xea&gcd=13l3l3l3l1l1&dma=0&tag_exp=0~115616986~115938466~115938468~117266400~117484252&u_w=1280&u_h=720&url=https%3A%2F%2Fwww.viewstats.com%2F%40mrbeast%2Fchannelytics&frm=0&tiba=MrBeast%20-%20Viewstats&hn=www.googleadservices.com&npa=0&pscdl=noapi&auid=683403823.1774587910&uaa=arm&uab=64&uafvl=Not%253AA-Brand%3B99.0.0.0%7CHeadlessChrome%3B145.0.7632.6%7CChromium%3B145.0.7632.6&uamb=0&uam=&uap=macOS&uapv=26.3.1&uaw=0&_tu=CA&rfmt=3&fmt=4 → 200 (188ms, 5297B)
[2026-03-27T05:05:24.796Z] POST https://www.google.com/ccm/collect?frm=0&en=page_view&dl=https%3A%2F%2Fwww.viewstats.com%2F%40mrbeast%2Fchannelytics&scrsrc=www.googletagmanager.com&rnd=1132564405.1774587925&dt=MrBeast%20-%20Viewstats&auid=683403823.1774587910&navt=n&npa=0&gtm=45be63p1v9123481326z89171438122za20gzb9171438122zd9171438122xec&gcd=13l3l3l3l1l1&dma=0&tag_exp=0~115616986~115938466~115938468~117266400~117484252&apve=1&apvf=f&apvc=0&tids=AW-11220119608&tid=AW-11220119608&tft=1774587924792&tfd=902 → 200 (192ms, ?B)
[2026-03-27T05:05:24.796Z] POST https://www.google.com/ccm/collect?frm=0&ae=g&dl=https%3A%2F%2Fwww.viewstats.com%2F%40mrbeast%2Fchannelytics&scrsrc=www.googletagmanager.com&rnd=1132564405.1774587925&dt=MrBeast%20-%20Viewstats&auid=683403823.1774587910&navt=n&npa=0&_tu=CA&gtm=45be63p1v9123481326z89171438122za20gzb9171438122zd9171438122xea&gcd=13l3l3l3l1l1&dma=0&tag_exp=0~115616986~115938466~115938468~117266400~117484252&apve=1&apvf=f&apvc=0&tids=AW-11220119608&tid=AW-11220119608&tft=1774587924792&tfd=902 → 200 (192ms, ?B)
[2026-03-27T05:05:24.821Z] GET https://t.co/1/i/adsct?bci=4&dv=Asia%2FSeoul%26en-US%26Google%20Inc.%26MacIntel%26127%261280%26720%268%2624%261280%26720%260%26na&eci=3&event=%7B%7D&event_id=efdd1b2e-29f1-49d4-b8aa-917423aab79e&integration=gtm&p_id=Twitter&p_user_id=0&pl_id=214376fb-941e-49fb-a183-b9f83b55996f&pt=MrBeast%20-%20Viewstats&tw_document_href=https%3A%2F%2Fwww.viewstats.com%2F%40mrbeast%2Fchannelytics&tw_iframe_status=0&tw_pid_src=2&twpid=tw.1774587910552.775548226768042244&txn_id=oncdw&type=javascript&version=2.3.50 → 200 (193ms, 43B)
[2026-03-27T05:05:24.821Z] GET https://analytics.twitter.com/1/i/adsct?bci=4&dv=Asia%2FSeoul%26en-US%26Google%20Inc.%26MacIntel%26127%261280%26720%268%2624%261280%26720%260%26na&eci=3&event=%7B%7D&event_id=efdd1b2e-29f1-49d4-b8aa-917423aab79e&integration=gtm&p_id=Twitter&p_user_id=0&pl_id=214376fb-941e-49fb-a183-b9f83b55996f&pt=MrBeast%20-%20Viewstats&tw_document_href=https%3A%2F%2Fwww.viewstats.com%2F%40mrbeast%2Fchannelytics&tw_iframe_status=0&tw_pid_src=2&twpid=tw.1774587910552.775548226768042244&txn_id=oncdw&type=javascript&version=2.3.50 → 200 (192ms, 43B)
[2026-03-27T05:05:24.853Z] POST https://logs.viewstats.com/rum/v1/default/rum?o2source=browser&o2tags=sdk_version%3A0.2.11%2Capi%3Afetch%2Cenv%3Aprod%2Cservice%3Aviewstats-web%2Cversion%3Av-3efef7ea5ba294573b1efea8bf4c02f590a0d674&o2-api-key=rumwoHeWeLpKk53Wbog&o2-evp-origin-version=0.2.11&o2-evp-origin=browser&o2-request-id=d0cc8761-01b0-42f9-bb70-bb48e376f968&batch_time=1774587924851 → pending (?ms, ?B)
[2026-03-27T05:05:24.854Z] POST https://logs.viewstats.com/rum/v1/default/rum?o2source=browser&o2tags=sdk_version%3A0.2.11%2Capi%3Axhr%2Cenv%3Aprod%2Cservice%3Aviewstats-web%2Cversion%3Av-3efef7ea5ba294573b1efea8bf4c02f590a0d674&o2-api-key=rumwoHeWeLpKk53Wbog&o2-evp-origin-version=0.2.11&o2-evp-origin=browser&o2-request-id=5996d36f-29b4-48d4-8dac-0aa4c26b1b9d&batch_time=1774587924851 → pending (?ms, ?B)
[2026-03-27T05:05:24.982Z] GET https://api.viewstats.com/channels/@mrbeast → 200 (398ms, 645B)
[2026-03-27T05:05:24.982Z] GET https://api.viewstats.com/channels/%40mrbeast/banners → 200 (518ms, 276B)
[2026-03-27T05:05:24.982Z] GET https://www.viewstats.com/api/payment/prices → 200 (458ms, 4382B)
[2026-03-27T05:05:24.982Z] GET https://auth.viewstats.com/user/me/creator-info → 401 (201ms, ?B)
[2026-03-27T05:05:24.983Z] GET https://www.viewstats.com/_next/static/chunks/53725.4a92d61521208f95.js → 200 (?ms, 1146B)
[2026-03-27T05:05:24.983Z] GET https://www.viewstats.com/_next/static/chunks/51114.87ade98151821467.js → 200 (?ms, 2487B)
[2026-03-27T05:05:24.983Z] GET https://www.viewstats.com/_next/static/chunks/70043.e8d840096f5ac1e6.js → 200 (198ms, 4188B)
[2026-03-27T05:05:24.983Z] GET https://www.viewstats.com/login?redirectUri=https%3A%2F%2Fwww.viewstats.com%2F%40mrbeast%2Fchannelytics%3F&_rsc=y9seq → 200 (199ms, 227B)
[2026-03-27T05:05:24.983Z] GET https://www.viewstats.com/signup?redirectUri=https%3A%2F%2Fwww.viewstats.com%2F%40mrbeast%2Fchannelytics%3F&_rsc=y9seq → 200 (200ms, 228B)
[2026-03-27T05:05:24.983Z] GET https://www.viewstats.com/pricing?_rsc=y9seq → 200 (200ms, 168B)
[2026-03-27T05:05:24.983Z] GET https://www.google.com/pagead/1p-user-list/11220119608/?random=1774587924788&cv=11&fst=1774587600000&bg=ffffff&guid=ON&async=1&en=gtag.config&gtm=45be63p1v9123481326z89171438122za20gzb9171438122zd9171438122xec&gcd=13l3l3l3l1l1&dma=0&tag_exp=0~115616986~115938466~115938468~117266400~117484252&u_w=1280&u_h=720&url=https%3A%2F%2Fwww.viewstats.com%2F%40mrbeast%2Fchannelytics&frm=0&tiba=MrBeast%20-%20Viewstats&hn=www.googleadservices.com&npa=0&pscdl=noapi&auid=683403823.1774587910&uaa=arm&uab=64&uafvl=Not%253AA-Brand%3B99.0.0.0%7CHeadlessChrome%3B145.0.7632.6%7CChromium%3B145.0.7632.6&uamb=0&uam=&uap=macOS&uapv=26.3.1&uaw=0&data=event%3Dgtag.config&rfmt=3&fmt=3&is_vtc=1&cid=CAQSvwEABaugfTVRWp_cyC4mu9DL28po6MAhUnc_-AL_kESs8oubcD0bchVmHowemugYEpvT5HxLJcHFYxWPVvd8mr7OQB-lKfgZIW6fZHoRQDl4UEIMaVgJWD2dRPkz3SSOSnheoAq26yRCdkTgf0PBz14kNQ7wkGR6kHz6dqyw578eM33sQOyv2bPADMO72ZDrIzFJWRobkxHXRhHd0bRBHl3odriGaa4YbwoIKOjlHS_SpQTpKQFNvcyNgtn6vzGvWQ&random=473066148&rmt_tld=0&ipr=y → 200 (31ms, 42B)
[2026-03-27T05:05:24.983Z] GET https://www.google.co.kr/pagead/1p-user-list/11220119608/?random=1774587924788&cv=11&fst=1774587600000&bg=ffffff&guid=ON&async=1&en=gtag.config&gtm=45be63p1v9123481326z89171438122za20gzb9171438122zd9171438122xec&gcd=13l3l3l3l1l1&dma=0&tag_exp=0~115616986~115938466~115938468~117266400~117484252&u_w=1280&u_h=720&url=https%3A%2F%2Fwww.viewstats.com%2F%40mrbeast%2Fchannelytics&frm=0&tiba=MrBeast%20-%20Viewstats&hn=www.googleadservices.com&npa=0&pscdl=noapi&auid=683403823.1774587910&uaa=arm&uab=64&uafvl=Not%253AA-Brand%3B99.0.0.0%7CHeadlessChrome%3B145.0.7632.6%7CChromium%3B145.0.7632.6&uamb=0&uam=&uap=macOS&uapv=26.3.1&uaw=0&data=event%3Dgtag.config&rfmt=3&fmt=3&is_vtc=1&cid=CAQSvwEABaugfTVRWp_cyC4mu9DL28po6MAhUnc_-AL_kESs8oubcD0bchVmHowemugYEpvT5HxLJcHFYxWPVvd8mr7OQB-lKfgZIW6fZHoRQDl4UEIMaVgJWD2dRPkz3SSOSnheoAq26yRCdkTgf0PBz14kNQ7wkGR6kHz6dqyw578eM33sQOyv2bPADMO72ZDrIzFJWRobkxHXRhHd0bRBHl3odriGaa4YbwoIKOjlHS_SpQTpKQFNvcyNgtn6vzGvWQ&random=473066148&rmt_tld=1&ipr=y → 200 (31ms, 42B)
[2026-03-27T05:05:24.983Z] GET https://storage.googleapis.com/vs-public/vs-landing/extension-page/extension_banner_b_hq.png → 200 (346ms, 136521B)
[2026-03-27T05:05:24.984Z] GET https://www.viewstats.com/upgrade-pro?_rsc=y9seq → 200 (199ms, 168B)
[2026-03-27T05:05:24.984Z] GET https://www.google.com/pagead/1p-user-list/11220119608/?random=1774587924791&cv=11&fst=1774587600000&bg=ffffff&guid=ON&async=1&gtm=45be63p1v9123481326z89171438122za20gzb9171438122zd9171438122xea&gcd=13l3l3l3l1l1&dma=0&tag_exp=0~115616986~115938466~115938468~117266400~117484252&u_w=1280&u_h=720&url=https%3A%2F%2Fwww.viewstats.com%2F%40mrbeast%2Fchannelytics&frm=0&tiba=MrBeast%20-%20Viewstats&hn=www.googleadservices.com&npa=0&pscdl=noapi&auid=683403823.1774587910&uaa=arm&uab=64&uafvl=Not%253AA-Brand%3B99.0.0.0%7CHeadlessChrome%3B145.0.7632.6%7CChromium%3B145.0.7632.6&uamb=0&uam=&uap=macOS&uapv=26.3.1&uaw=0&_tu=CA&rfmt=3&fmt=3&is_vtc=1&cid=CAQSvwEABaugfS9us6xRw27cNy2F0Vago9A-Iv-waQ5sdMM5HHOUV4Wq6O87gVsHWmuw3wF4QGYj1JV4mFxms1oAsrf3vJNY928vbzqaTq__BErFp_17iRhCHdH84ffif6I1TFQORyT0mc5Xxl8Np02rHrOzHd78xAivglKz6csF5d9ps8gD1q4MZYB31I0gpxjR_khDsgfwMei80auAq2Ed9WuouRa8NTSoak1adFJie9-oj8ctLgJMoftjWe3PbMDXIg&random=2759115047&rmt_tld=0&ipr=y → 200 (30ms, 42B)
[2026-03-27T05:05:24.984Z] GET https://www.google.co.kr/pagead/1p-user-list/11220119608/?random=1774587924791&cv=11&fst=1774587600000&bg=ffffff&guid=ON&async=1&gtm=45be63p1v9123481326z89171438122za20gzb9171438122zd9171438122xea&gcd=13l3l3l3l1l1&dma=0&tag_exp=0~115616986~115938466~115938468~117266400~117484252&u_w=1280&u_h=720&url=https%3A%2F%2Fwww.viewstats.com%2F%40mrbeast%2Fchannelytics&frm=0&tiba=MrBeast%20-%20Viewstats&hn=www.googleadservices.com&npa=0&pscdl=noapi&auid=683403823.1774587910&uaa=arm&uab=64&uafvl=Not%253AA-Brand%3B99.0.0.0%7CHeadlessChrome%3B145.0.7632.6%7CChromium%3B145.0.7632.6&uamb=0&uam=&uap=macOS&uapv=26.3.1&uaw=0&_tu=CA&rfmt=3&fmt=3&is_vtc=1&cid=CAQSvwEABaugfS9us6xRw27cNy2F0Vago9A-Iv-waQ5sdMM5HHOUV4Wq6O87gVsHWmuw3wF4QGYj1JV4mFxms1oAsrf3vJNY928vbzqaTq__BErFp_17iRhCHdH84ffif6I1TFQORyT0mc5Xxl8Np02rHrOzHd78xAivglKz6csF5d9ps8gD1q4MZYB31I0gpxjR_khDsgfwMei80auAq2Ed9WuouRa8NTSoak1adFJie9-oj8ctLgJMoftjWe3PbMDXIg&random=2759115047&rmt_tld=1&ipr=y → 200 (30ms, 42B)
[2026-03-27T05:05:24.984Z] POST https://prodregistryv2.org/v1/rgstr?k=client-VfILmBGz1207Toqf802NsxDnNc2hcNlIcviA2ao0lNJ&st=javascript-client-react&sv=3.30.2&t=1774587924918&sid=a2787dab-5571-4b18-8a7d-a96296f143f4&ec=3&gz=1 → 202 (47ms, 16B)
[2026-03-27T05:05:24.988Z] POST https://px.ads.linkedin.com/wa/?medium=fetch&fmt=g → 204 (197ms, ?B)
[2026-03-27T05:05:25.184Z] POST https://www.viewstats.com/cdn-cgi/rum? → 204 (126ms, ?B)
[2026-03-27T05:05:25.254Z] GET https://api.viewstats.com/channels/%40mrbeast/stats?range=alltime&groupBy=daily&sortOrder=ASC&withRevenue=true&withEvents=false&withBreakdown=false → pending (?ms, ?B)
[2026-03-27T05:05:25.254Z] GET https://api.viewstats.com/channels/@mrbeast/stats?range=28&groupBy=daily&sortOrder=ASC&withRevenue=true&withEvents=true&withBreakdown=false&withToday=false → pending (?ms, ?B)
[2026-03-27T05:05:25.254Z] GET https://api.viewstats.com/channels/@mrbeast/stats?range=365&groupBy=monthly&sortOrder=ASC&withRevenue=true&withEvents=true&withBreakdown=false&withToday=false → pending (?ms, ?B)
[2026-03-27T05:05:25.255Z] GET https://api.viewstats.com/channels/@mrbeast/longsAndShorts → pending (?ms, ?B)
[2026-03-27T05:05:25.393Z] GET https://api.viewstats.com/channels/UCX6OQ3DkcsbYNE6H8uQQuVA/infoCards → pending (?ms, ?B)
[2026-03-27T05:05:25.393Z] GET https://yt3.ggpht.com/nxYrc_1_2f77DoBadyxMTmv7ZpRZapHR5jbuYe7PlPd5cIRJxtNNEYyOC0ZsxaDyJJzXrnJiuDE=s400-c-k-c0x00ffffff-no-rj → 200 (38ms, 45238B)
[2026-03-27T05:05:25.396Z] GET https://flagcdn.com/us.svg → pending (?ms, ?B)
[2026-03-27T05:05:25.526Z] GET https://www.viewstats.com/_next/static/css/293a3979537645c4.css → pending (?ms, ?B)
[2026-03-27T05:05:25.526Z] GET https://www.viewstats.com/_next/static/css/f4c4feff1e419dc6.css → pending (?ms, ?B)
[2026-03-27T05:05:25.526Z] GET https://www.viewstats.com/_next/static/css/f5a1ada4a752252d.css → pending (?ms, ?B)
[2026-03-27T05:05:25.526Z] GET https://www.viewstats.com/_next/static/css/e21b6a7fbc20d06c.css → pending (?ms, ?B)
[2026-03-27T05:05:25.526Z] GET https://www.viewstats.com/_next/static/chunks/86090-cd338979036299d8.js → pending (?ms, ?B)
[2026-03-27T05:05:25.526Z] GET https://www.viewstats.com/_next/static/chunks/89700.4efc20bbdfc8d70b.js → pending (?ms, ?B)
[2026-03-27T05:05:25.526Z] GET https://api.viewstats.com/channels/%40mrbeast/infoCards → pending (?ms, ?B)
[2026-03-27T05:05:25.526Z] GET https://api.viewstats.com/channels/@mrbeast/aboutMe → pending (?ms, ?B)
[2026-03-27T05:05:25.526Z] GET https://api.viewstats.com/channels/@mrbeast/longsAndShorts → pending (?ms, ?B)
[2026-03-27T05:05:25.526Z] GET https://api.viewstats.com/channels/@mrbeast/featuredVideo → pending (?ms, ?B)
[2026-03-27T05:05:25.527Z] GET https://api.viewstats.com/channels/%40mrbeast/averages → pending (?ms, ?B)
[2026-03-27T05:05:25.553Z] GET https://cdn.userway.org/widgetapp/2026-03-20-13-54-16/remediation/remediation_1774014856108.js → 200 (?ms, 47204B)
[2026-03-27T05:05:25.553Z] GET https://cdn.userway.org/styles/2026-03-20-13-54-16/widget_base.css?v=1774014856108 → 200 (?ms, 31488B)
[2026-03-27T05:05:25.557Z] GET https://cdn.userway.org/widgetapp/images/body_wh.svg → 200 (1ms, 4561B)
[2026-03-27T05:05:25.558Z] GET https://cdn.userway.org/widgetapp/images/spin_wh.svg → 200 (?ms, 1977B)
[2026-03-27T05:05:25.734Z] GET https://api.viewstats.com/channels/@mrbeast/infoCards → 200 (344ms, 1031B)
[2026-03-27T05:05:25.734Z] GET https://api.viewstats.com/channels/%40mrbeast/banners → 200 (?ms, 276B)
[2026-03-27T05:05:25.748Z] GET https://www.viewstats.com/arrow-up.svg → 200 (155ms, 779B)
[2026-03-27T05:05:25.748Z] GET https://www.viewstats.com/info-icon.svg → 200 (140ms, 1001B)
[2026-03-27T05:05:25.937Z] GET https://api.viewstats.com/channels/@mrbeast/stats?range=28&groupBy=daily&sortOrder=ASC&withRevenue=true&withEvents=false&withBreakdown=true&withToday=true → 200 (562ms, ?B)
[2026-03-27T05:05:25.952Z] GET https://www.viewstats.com/single-arrow-up.svg → 200 (280ms, 637B)
[2026-03-27T05:05:25.965Z] GET https://www.viewstats.com/_next/static/chunks/17414.7c127c96f1895b4a.js → 200 (268ms, 3438B)
[2026-03-27T05:05:25.968Z] GET https://i.ytimg.com/vi_webp/Z9NxQdQ8Rpg/hqdefault.webp → 200 (330ms, 19134B)
[2026-03-27T05:05:26.080Z] GET https://www.viewstats.com/arrow-down.svg → 200 (291ms, 845B)
[2026-03-27T05:05:26.185Z] GET https://auth.viewstats.com/user/me/creator-info → 401 (213ms, ?B)
[2026-03-27T05:05:26.303Z] GET https://storage.googleapis.com/icons-vs/ytshorts.svg → 200 (6ms, 687B)
[2026-03-27T05:05:26.303Z] GET https://storage.googleapis.com/icons-vs/ytlongs.svg → 200 (174ms, 764B)
[2026-03-27T05:05:26.352Z] GET https://www.viewstats.com/privacy?_rsc=y9seq → 200 (182ms, 124B)
[2026-03-27T05:05:28.401Z] GET https://auth.viewstats.com/user/me/creator-info → 401 (172ms, ?B)
[2026-03-27T05:05:29.739Z] POST https://analytics.google.com/g/collect?v=2&tid=G-5BCH4607M9&gtm=45je63p1v9123487123za200zd9123487123&_p=1774587924693&gcd=13l3l3l3l1l1&npa=0&dma=0&cid=193949307.1774587909&ul=en-us&sr=1280x720&are=1&frm=0&pscdl=noapi&uaa=arm&uab=64&uafvl=Not%253AA-Brand%3B99.0.0.0%7CHeadlessChrome%3B145.0.7632.6%7CChromium%3B145.0.7632.6&uamb=0&uam=&uap=macOS&uapv=26.3.1&uaw=0&_eu=AAgAAGQ&_s=2&tag_exp=0~115616985~115938466~115938469~117484252&uid=&sid=1774587909&sct=1&seg=1&dl=https%3A%2F%2Fwww.viewstats.com%2F%40mrbeast%2Fchannelytics&dt=MrBeast%20-%20Viewstats&en=Channel_View&_et=1&tfd=5847 → 204 (162ms, ?B)
[2026-03-27T05:05:29.775Z] POST https://api-js.mixpanel.com/track/?verbose=1&ip=1&_=1774587929772 → 200 (252ms, 25B)
[2026-03-27T05:05:30.558Z] GET https://api.userway.org/api/a11y-data/v0/page/https%3A%2F%2Fwww.viewstats.com%2F%40mrbeast%2Fchannelytics/DESKTOP/WIDGET_OFF/status → pending (?ms, ?B)
[2026-03-27T05:05:32.576Z] GET https://auth.viewstats.com/user/me/creator-info → pending (?ms, ?B)
[2026-03-27T05:05:34.721Z] POST https://prodregistryv2.org/v1/rgstr?k=client-VfILmBGz1207Toqf802NsxDnNc2hcNlIcviA2ao0lNJ&st=javascript-client-react&sv=3.30.2&t=1774587934719&sid=a2787dab-5571-4b18-8a7d-a96296f143f4&ec=3&gz=1 → 202 (87ms, 16B)
[2026-03-27T05:05:34.880Z] POST https://api-js.mixpanel.com/record/?%24current_url=https%3A%2F%2Fwww.viewstats.com%2F%40mrbeast%2Foutliers&%24lib_version=2.77.0&batch_start_time=1774587924.82&mp_lib=web&replay_id=572f0fe2-2cdc-4c24-a452-b613b5591c3f&replay_length_ms=17375&replay_start_time=1774587909.494&replay_start_url=https%3A%2F%2Fwww.viewstats.com%2F%40mrbeast%2Foutliers&seq=1&distinct_id=%24device%3Abb6f6269-8cea-43c6-bea5-bac4470d3585&%24device_id=bb6f6269-8cea-43c6-bea5-bac4470d3585&format=gzip → pending (?ms, ?B)
[2026-03-27T05:05:36.273Z] POST https://logs.viewstats.com/rum/v1/default/rum?o2source=browser&o2tags=sdk_version%3A0.2.11%2Capi%3Abeacon%2Cenv%3Aprod%2Cservice%3Aviewstats-web%2Cversion%3Av-3efef7ea5ba294573b1efea8bf4c02f590a0d674&o2-api-key=rumwoHeWeLpKk53Wbog&o2-evp-origin-version=0.2.11&o2-evp-origin=browser&o2-request-id=91c0f9da-c14e-4263-aa62-929747d6f71d&batch_time=1774587936271 → pending (?ms, ?B)
[2026-03-27T05:05:36.273Z] POST https://logs.viewstats.com/rum/v1/default/rum?o2source=browser&o2tags=sdk_version%3A0.2.11%2Capi%3Axhr%2Cenv%3Aprod%2Cservice%3Aviewstats-web%2Cversion%3Av-3efef7ea5ba294573b1efea8bf4c02f590a0d674&o2-api-key=rumwoHeWeLpKk53Wbog&o2-evp-origin-version=0.2.11&o2-evp-origin=browser&o2-request-id=6782580c-eda3-4025-979e-4d51e4884edd&batch_time=1774587936272 → pending (?ms, ?B)
[2026-03-27T05:05:36.273Z] GET https://www.viewstats.com/info → 200 (247ms, 113389B)
[2026-03-27T05:05:36.273Z] POST https://prodregistryv2.org/v1/rgstr?k=client-VfILmBGz1207Toqf802NsxDnNc2hcNlIcviA2ao0lNJ&st=javascript-client-react&sv=3.30.2&t=1774587936273&sid=a2787dab-5571-4b18-8a7d-a96296f143f4&ec=1&gz=1 → 202 (97ms, ?B)
[2026-03-27T05:05:36.535Z] POST https://analytics.google.com/g/collect?v=2&tid=G-5BCH4607M9&gtm=45je63p1v9123487123za200zd9123487123&_p=1774587924693&gcd=13l3l3l3l1l1&npa=0&dma=0&cid=193949307.1774587909&ul=en-us&sr=1280x720&uaa=arm&uab=64&uafvl=Not%253AA-Brand%3B99.0.0.0%7CHeadlessChrome%3B145.0.7632.6%7CChromium%3B145.0.7632.6&uamb=0&uam=&uap=macOS&uapv=26.3.1&uaw=0&are=1&frm=0&pscdl=noapi&_eu=AgAAAGQ&_s=3&tag_exp=0~115616985~115938466~115938469~117484252&uid=&sid=1774587909&sct=1&seg=1&dl=https%3A%2F%2Fwww.viewstats.com%2F%40mrbeast%2Fchannelytics&dt=MrBeast%20-%20Viewstats&_tu=CA&en=user_engagement&_et=11786&tfd=12638 → pending (?ms, ?B)
[2026-03-27T05:05:36.535Z] POST https://www.viewstats.com/cdn-cgi/rum? → pending (?ms, ?B)
[2026-03-27T05:05:36.538Z] POST https://logs.viewstats.com/rum/v1/default/rum?o2source=browser&o2tags=sdk_version%3A0.2.11%2Capi%3Axhr%2Cenv%3Aprod%2Cservice%3Aviewstats-web%2Cversion%3Av-3efef7ea5ba294573b1efea8bf4c02f590a0d674&o2-api-key=rumwoHeWeLpKk53Wbog&o2-evp-origin-version=0.2.11&o2-evp-origin=browser&o2-request-id=3e3e8a3e-5216-4871-8227-df45dce19e77&batch_time=1774587936532 → pending (?ms, ?B)
[2026-03-27T05:05:36.538Z] POST https://logs.viewstats.com/rum/v1/default/rum?o2source=browser&o2tags=sdk_version%3A0.2.11%2Capi%3Axhr%2Cenv%3Aprod%2Cservice%3Aviewstats-web%2Cversion%3Av-3efef7ea5ba294573b1efea8bf4c02f590a0d674&o2-api-key=rumwoHeWeLpKk53Wbog&o2-evp-origin-version=0.2.11&o2-evp-origin=browser&o2-request-id=612f5f06-58bd-4650-9462-0ad65ead9e3d&batch_time=1774587936532 → pending (?ms, ?B)
[2026-03-27T05:05:36.538Z] POST https://logs.viewstats.com/rum/v1/default/rum?o2source=browser&o2tags=sdk_version%3A0.2.11%2Capi%3Axhr%2Cenv%3Aprod%2Cservice%3Aviewstats-web%2Cversion%3Av-3efef7ea5ba294573b1efea8bf4c02f590a0d674&o2-api-key=rumwoHeWeLpKk53Wbog&o2-evp-origin-version=0.2.11&o2-evp-origin=browser&o2-request-id=6111472a-015f-4f3e-98d2-73aefa73f2dc&batch_time=1774587936532 → pending (?ms, ?B)
[2026-03-27T05:05:36.538Z] POST https://logs.viewstats.com/rum/v1/default/rum?o2source=browser&o2tags=sdk_version%3A0.2.11%2Capi%3Axhr%2Cenv%3Aprod%2Cservice%3Aviewstats-web%2Cversion%3Av-3efef7ea5ba294573b1efea8bf4c02f590a0d674&o2-api-key=rumwoHeWeLpKk53Wbog&o2-evp-origin-version=0.2.11&o2-evp-origin=browser&o2-request-id=70d653fc-84f9-4e0f-a009-05d3b0cbc4c8&batch_time=1774587936533 → pending (?ms, ?B)
[2026-03-27T05:05:36.545Z] GET https://www.viewstats.com/_next/static/media/e4af272ccee01ff0-s.p.woff2 → 200 (?ms, ?B)
[2026-03-27T05:05:36.545Z] GET https://px.ads.linkedin.com/collect/?pid=5727050&fmt=gif → pending (?ms, ?B)
[2026-03-27T05:05:36.545Z] GET https://www.facebook.com/tr?id=1287287665941826&ev=PageView&noscript=1 → pending (?ms, ?B)
[2026-03-27T05:05:36.545Z] GET https://www.viewstats.com/_next/static/css/cbaf891b424b18ca.css → 200 (?ms, 144575B)
[2026-03-27T05:05:36.545Z] GET https://www.viewstats.com/_next/static/css/a49030cc0a5c7aa5.css → 200 (?ms, 99002B)
[2026-03-27T05:05:36.546Z] GET https://www.viewstats.com/_next/static/css/feef652a2ec10d04.css → 200 (?ms, 3684B)
[2026-03-27T05:05:36.546Z] GET https://www.viewstats.com/_next/static/css/5ff78cd44d2a9462.css → 200 (?ms, 5179B)
[2026-03-27T05:05:36.546Z] GET https://www.viewstats.com/_next/static/css/687122357b8e1a23.css → 200 (?ms, 97639B)
[2026-03-27T05:05:36.546Z] GET https://www.viewstats.com/_next/static/css/eb8a1593450c42f9.css → 200 (?ms, 47486B)
[2026-03-27T05:05:36.546Z] GET https://www.viewstats.com/_next/static/css/7c641479372e3eee.css → 200 (1ms, 4616B)
[2026-03-27T05:05:36.547Z] GET https://www.viewstats.com/_next/static/css/16c2f8f07e8aca23.css → 200 (?ms, 11688B)
[2026-03-27T05:05:36.547Z] GET https://www.viewstats.com/_next/static/css/48df95d9bcf743ec.css → 200 (?ms, 16439B)
[2026-03-27T05:05:36.547Z] GET https://www.viewstats.com/_next/static/css/d84ad39b6448aa12.css → 200 (?ms, 2966B)
[2026-03-27T05:05:36.547Z] GET https://www.viewstats.com/_next/static/css/8d8b7f67cbe64950.css → 200 (1ms, 98706B)
[2026-03-27T05:05:36.548Z] GET https://www.viewstats.com/_next/static/css/05da679d71f10802.css → 200 (?ms, 15149B)
[2026-03-27T05:05:36.548Z] GET https://www.viewstats.com/_next/static/css/385379bd07bb11cc.css → 200 (?ms, 7933B)
[2026-03-27T05:05:36.548Z] GET https://www.viewstats.com/_next/static/css/03c85c0b209b32dc.css → 200 (?ms, 2230B)
[2026-03-27T05:05:36.548Z] GET https://www.viewstats.com/_next/static/css/4781314a59912a53.css → 200 (?ms, 8068B)
[2026-03-27T05:05:36.548Z] GET https://www.viewstats.com/_next/static/css/a8fc5c3c180d5ff6.css → 200 (1ms, 5823B)
[2026-03-27T05:05:36.549Z] GET https://www.viewstats.com/_next/static/css/b9b07d7c9a83825f.css → 200 (?ms, 6412B)
[2026-03-27T05:05:36.549Z] GET https://www.viewstats.com/_next/static/css/ed18aabd2b57786d.css → 200 (?ms, 8581B)
[2026-03-27T05:05:36.549Z] GET https://www.viewstats.com/_next/static/css/2b602925f29429b2.css → 200 (?ms, 100558B)
[2026-03-27T05:05:36.549Z] GET https://www.viewstats.com/_next/static/css/4d9645435975cc80.css → 200 (1ms, 4086B)
[2026-03-27T05:05:36.550Z] GET https://www.viewstats.com/_next/static/css/4593eb477cdff5fe.css → 200 (?ms, 8741B)
[2026-03-27T05:05:36.551Z] GET https://www.viewstats.com/_next/static/css/445ec7fff40695f4.css → 200 (?ms, 3599B)
[2026-03-27T05:05:36.551Z] GET https://www.viewstats.com/_next/static/css/64b4b22d7577b819.css → 200 (?ms, 22532B)
[2026-03-27T05:05:36.555Z] GET https://www.viewstats.com/_next/static/css/903ed2ca837ce9ba.css → 200 (?ms, 4109B)
[2026-03-27T05:05:36.555Z] GET https://www.viewstats.com/_next/static/css/5093bc456dec9eb6.css → pending (?ms, ?B)
[2026-03-27T05:05:36.555Z] GET https://www.viewstats.com/_next/static/css/5d09383d40ec519e.css → pending (?ms, ?B)
[2026-03-27T05:05:36.555Z] GET https://www.viewstats.com/_next/static/css/c567aae62b79822c.css → pending (?ms, ?B)
[2026-03-27T05:05:36.555Z] GET https://www.viewstats.com/_next/static/chunks/webpack-2d1fa94d8cc82f00.js → 200 (?ms, 27848B)
[2026-03-27T05:05:36.555Z] GET https://www.viewstats.com/_next/static/chunks/08f7e83d-92564b25f3f5cd11.js → pending (?ms, ?B)
[2026-03-27T05:05:36.555Z] GET https://www.viewstats.com/_next/static/chunks/11359-5e23c752487d84b5.js → 200 (?ms, 127812B)
[2026-03-27T05:05:36.555Z] GET https://www.viewstats.com/_next/static/chunks/main-app-dd549a9e7677c559.js → 200 (1ms, 5859B)
[2026-03-27T05:05:36.556Z] GET https://www.viewstats.com/_next/static/chunks/6dc81886-37b9a2a0a4858a2c.js → 200 (?ms, 69749B)
[2026-03-27T05:05:36.556Z] GET https://www.viewstats.com/_next/static/chunks/47318-713dfa9c1cff734b.js → 200 (?ms, 24870B)
[2026-03-27T05:05:36.556Z] GET https://www.viewstats.com/_next/static/chunks/41863-391d9f674bda9149.js → 200 (?ms, 26126B)
[2026-03-27T05:05:36.556Z] GET https://www.viewstats.com/_next/static/chunks/24527-0a17572211fd8e8a.js → 200 (?ms, 34936B)
[2026-03-27T05:05:36.556Z] GET https://www.viewstats.com/_next/static/chunks/60273-9485dcbd7af87748.js → 200 (?ms, 125278B)
[2026-03-27T05:05:36.556Z] GET https://www.viewstats.com/_next/static/chunks/61181-a744a5f8faf59939.js → 200 (1ms, 24234B)
[2026-03-27T05:05:36.557Z] GET https://www.viewstats.com/_next/static/chunks/52181-3b6910fdf917d3ee.js → 200 (?ms, 14035B)
[2026-03-27T05:05:36.557Z] GET https://www.viewstats.com/_next/static/chunks/98077-705caa573440e65d.js → 200 (?ms, 102444B)
[2026-03-27T05:05:36.557Z] GET https://www.viewstats.com/_next/static/chunks/85019-be134aecc3252183.js → 200 (?ms, 97062B)
[2026-03-27T05:05:36.557Z] GET https://www.viewstats.com/_next/static/chunks/52765-b2df3518bee00c6a.js → pending (?ms, ?B)
[2026-03-27T05:05:36.557Z] GET https://www.viewstats.com/_next/static/chunks/56002-a10e018f0b0dc73e.js → 200 (?ms, 19025B)
[2026-03-27T05:05:36.557Z] GET https://www.viewstats.com/_next/static/chunks/30120-13ec7778ccb7b577.js → 200 (1ms, 79671B)
[2026-03-27T05:05:36.558Z] GET https://www.viewstats.com/_next/static/chunks/53868-2d9e6278cedfb50d.js → 200 (?ms, 233540B)
[2026-03-27T05:05:36.558Z] GET https://www.viewstats.com/_next/static/chunks/40044-bab26000f96dbc73.js → 200 (?ms, 51208B)
[2026-03-27T05:05:36.558Z] GET https://www.viewstats.com/_next/static/chunks/25277-d56382b781da9da6.js → 200 (?ms, 27772B)
[2026-03-27T05:05:36.558Z] GET https://www.viewstats.com/_next/static/chunks/58679-245cf43cba03764b.js → 200 (?ms, 30018B)
[2026-03-27T05:05:36.559Z] GET https://www.viewstats.com/_next/static/chunks/app/(home)/info/page-d411c0cc8d9ef182.js → pending (?ms, ?B)
[2026-03-27T05:05:36.559Z] GET https://www.viewstats.com/_next/static/chunks/50153-af13403bab5e55fd.js → 200 (?ms, 171946B)
[2026-03-27T05:05:36.559Z] GET https://www.viewstats.com/_next/static/chunks/81577-0dc341da3a963a8a.js → 200 (?ms, 20684B)
[2026-03-27T05:05:36.559Z] GET https://www.viewstats.com/_next/static/chunks/91874-ff7ce418d61ecf86.js → 200 (?ms, 20710B)
[2026-03-27T05:05:36.559Z] GET https://www.viewstats.com/_next/static/chunks/92860-403f6a301c5762d7.js → 200 (?ms, 73589B)
[2026-03-27T05:05:36.559Z] GET https://www.viewstats.com/_next/static/chunks/app/(home)/layout-7d0ab005714821c1.js → 200 (?ms, 11762B)
[2026-03-27T05:05:36.559Z] GET https://www.viewstats.com/_next/static/chunks/app/(home)/error-7dcfd91143bb29fb.js → 200 (1ms, 7162B)
[2026-03-27T05:05:36.560Z] GET https://www.viewstats.com/_next/static/chunks/app/(home)/not-found-a5c372afbcf839c7.js → pending (?ms, ?B)
[2026-03-27T05:05:36.560Z] GET https://www.viewstats.com/_next/static/chunks/app/global-error-f7b8451be5976160.js → 200 (?ms, 16849B)
[2026-03-27T05:05:36.560Z] GET https://www.viewstats.com/_next/static/chunks/49686-d668708c1a3bd1f3.js → 200 (?ms, 6303B)
[2026-03-27T05:05:36.560Z] GET https://www.viewstats.com/_next/static/chunks/61126-34298de8c02d3206.js → 200 (?ms, 217099B)
[2026-03-27T05:05:36.560Z] GET https://www.viewstats.com/_next/static/chunks/36204-328a8c8349fd9531.js → 200 (?ms, 29985B)
[2026-03-27T05:05:36.560Z] GET https://www.viewstats.com/_next/static/chunks/app/layout-c04d696bcc8f9711.js → 200 (?ms, 1366B)
[2026-03-27T05:05:36.561Z] GET https://www.googletagmanager.com/gtag/js?id=G-5BCH4607M9 → 200 (?ms, 565540B)
[2026-03-27T05:05:36.561Z] GET https://r.wdfl.co/rw.js → 200 (?ms, 18631B)
[2026-03-27T05:05:36.561Z] GET https://cdn.tolt.io/tolt.js → 200 (?ms, 4256B)
[2026-03-27T05:05:36.561Z] GET https://cdn.userway.org/widget.js → 200 (?ms, 1738B)
[2026-03-27T05:05:36.561Z] GET https://cdn.paddle.com/paddle/v2/paddle.js → pending (?ms, ?B)
[2026-03-27T05:05:36.561Z] GET https://appleid.cdn-apple.com/appleauth/static/jsapi/appleid/1/en_US/appleid.auth.js → 200 (?ms, 43178B)
[2026-03-27T05:05:36.561Z] GET https://storage.googleapis.com/icons-vs/videos/thumbnails/launch_video_thumbnail.png → pending (?ms, ?B)
[2026-03-27T05:05:36.561Z] GET https://static.cloudflareinsights.com/beacon.min.js/v8c78df7c7c0f484497ecbca7046644da1771523124516 → 200 (1ms, 31169B)
[2026-03-27T05:05:36.725Z] GET https://storage.googleapis.com/icons-vs/videos/launch_video.mp4 → pending (?ms, ?B)
[2026-03-27T05:05:36.753Z] GET https://storage.googleapis.com/vs-public/vs-landing/powered_by.png → pending (?ms, ?B)
[2026-03-27T05:05:36.753Z] GET https://storage.googleapis.com/vs-public/vs-landing/hero_frame_5.png → pending (?ms, ?B)
[2026-03-27T05:05:36.753Z] GET https://storage.googleapis.com/vs-public/vs-landing/outliers.png → pending (?ms, ?B)
[2026-03-27T05:05:36.753Z] GET https://storage.googleapis.com/vs-public/vs-landing/research-video.png → pending (?ms, ?B)
[2026-03-27T05:05:36.753Z] GET https://storage.googleapis.com/vs-public/vs-landing/analyze-thumbs.png → pending (?ms, ?B)
[2026-03-27T05:05:36.753Z] GET https://storage.googleapis.com/vs-public/vs-landing/competitors.png → pending (?ms, ?B)
[2026-03-27T05:05:36.753Z] GET https://www.viewstats.com/_next/static/media/banner-cta.c21c7b8c.png → 200 (282ms, 41633B)
[2026-03-27T05:05:36.753Z] GET https://www.viewstats.com/_next/static/media/discord.f3f30fc7.png → 200 (281ms, 131268B)
[2026-03-27T05:05:36.759Z] GET https://www.googletagmanager.com/gtm.js?id=GTM-5CTWM6C8 → 200 (?ms, 488309B)
[2026-03-27T05:05:36.759Z] GET https://connect.facebook.net/en_US/fbevents.js → 200 (?ms, 365097B)
[2026-03-27T05:05:36.760Z] GET https://cdn.mxpnl.com/libs/mixpanel-2-latest.min.js → 200 (?ms, 97798B)
[2026-03-27T05:05:36.760Z] GET https://snap.licdn.com/li.lms-analytics/insight.min.js → 200 (?ms, 53612B)
[2026-03-27T05:05:36.762Z] GET https://cdn.jsdelivr.net/npm/psl/dist/psl.min.js → 200 (?ms, 157794B)
[2026-03-27T05:05:36.763Z] GET https://cdn.userway.org/widgetapp/2026-03-20-13-54-16/widget_app_base_1774014856108.js → 200 (?ms, 160154B)
[2026-03-27T05:05:36.765Z] POST https://logs.viewstats.com/rum/v1/default/rum?o2source=browser&o2tags=sdk_version%3A0.2.11%2Capi%3Afetch%2Cenv%3Aprod%2Cservice%3Aviewstats-web%2Cversion%3Av-3efef7ea5ba294573b1efea8bf4c02f590a0d674&o2-api-key=rumwoHeWeLpKk53Wbog&o2-evp-origin-version=0.2.11&o2-evp-origin=browser&o2-request-id=06f391d7-8096-4813-b17a-6b100ae54cdd&batch_time=1774587936763 → pending (?ms, ?B)
[2026-03-27T05:05:36.765Z] POST https://logs.viewstats.com/rum/v1/default/rum?o2source=browser&o2tags=sdk_version%3A0.2.11%2Capi%3Afetch%2Cenv%3Aprod%2Cservice%3Aviewstats-web%2Cversion%3Av-3efef7ea5ba294573b1efea8bf4c02f590a0d674&o2-api-key=rumwoHeWeLpKk53Wbog&o2-evp-origin-version=0.2.11&o2-evp-origin=browser&o2-request-id=b75ce0d3-d9d1-4e18-9576-381928447586&batch_time=1774587936764 → pending (?ms, ?B)
[2026-03-27T05:05:36.765Z] POST https://logs.viewstats.com/rum/v1/default/rum?o2source=browser&o2tags=sdk_version%3A0.2.11%2Capi%3Afetch%2Cenv%3Aprod%2Cservice%3Aviewstats-web%2Cversion%3Av-3efef7ea5ba294573b1efea8bf4c02f590a0d674&o2-api-key=rumwoHeWeLpKk53Wbog&o2-evp-origin-version=0.2.11&o2-evp-origin=browser&o2-request-id=fce28d1f-4fee-4ba2-b611-c2304942b7c3&batch_time=1774587936764 → pending (?ms, ?B)
[2026-03-27T05:05:36.771Z] POST https://featureassets.org/v1/initialize?k=client-VfILmBGz1207Toqf802NsxDnNc2hcNlIcviA2ao0lNJ&st=javascript-client&sv=3.30.2&t=1774587936770&sid=a2787dab-5571-4b18-8a7d-a96296f143f4&se=1 → 204 (261ms, ?B)
[2026-03-27T05:05:36.771Z] POST https://prodregistryv2.org/v1/rgstr?k=client-VfILmBGz1207Toqf802NsxDnNc2hcNlIcviA2ao0lNJ&st=javascript-client&sv=3.30.2&t=1774587936770&sid=a2787dab-5571-4b18-8a7d-a96296f143f4&ec=1&gz=1 → 202 (261ms, 16B)
[2026-03-27T05:05:36.782Z] POST https://analytics.google.com/g/collect?v=2&tid=G-5BCH4607M9&gtm=45je63p1v9123487123za200zd9123487123&_p=1774587936755&gcd=13l3l3l3l1l1&npa=0&dma=0&cid=193949307.1774587909&ul=en-us&sr=1280x720&uaa=arm&uab=64&uafvl=Not%253AA-Brand%3B99.0.0.0%7CHeadlessChrome%3B145.0.7632.6%7CChromium%3B145.0.7632.6&uamb=0&uam=&uap=macOS&uapv=26.3.1&uaw=0&are=1&frm=0&pscdl=noapi&_eu=AgAAAGQ&_s=1&tag_exp=0~115616985~115938465~115938469~117484252&uid=&sid=1774587909&sct=1&seg=1&dl=https%3A%2F%2Fwww.viewstats.com%2Finfo&dt=Viewstats%3A%20Create%20video%20ideas%2C%20titles%2C%20and%20thumbnails%20that%20go%20viral&en=page_view&_ee=1&tfd=508 → 204 (104ms, ?B)
[2026-03-27T05:05:36.794Z] GET https://www.googletagmanager.com/gtag/js?id=AW-11220119608&cx=c&gtm=4e63p1 → 200 (?ms, 412183B)
[2026-03-27T05:05:36.794Z] GET https://static.ads-twitter.com/uwt.js → 200 (73ms, 48237B)
[2026-03-27T05:05:36.794Z] GET https://public.profitwell.com/js/profitwell.js?auth=4a7e92f597c4949a1ef2cddf1bf2d656 → 304 (241ms, ?B)
[2026-03-27T05:05:36.794Z] POST https://www.google.com/ccm/collect?frm=0&ae=g&en=page_view&dl=https%3A%2F%2Fwww.viewstats.com%2Finfo&scrsrc=www.googletagmanager.com&rnd=1251595594.1774587937&dt=Viewstats%3A%20Create%20video%20ideas%2C%20titles%2C%20and%20thumbnails%20that%20go%20viral&auid=683403823.1774587910&navt=n&npa=0&ep.ads_data_redaction=0&gtm=45He63p1v9171438122za200zd9171438122xea&gcd=13l3l3l3l1l1&dma=0&tag_exp=0~115616986~115938465~115938468~116991817~117384405~117484252&apve=1&apvf=f&apvc=1&tft=1774587936793&tfd=520 → 200 (243ms, ?B)
[2026-03-27T05:05:36.799Z] GET https://connect.facebook.net/signals/config/1287287665941826?v=2.9.281&r=stable&domain=www.viewstats.com&hme=7561e8db2489737df4c74b634c943d82cefbf4e67acc7fda2493ff919471f0aa&ex_m=101%2C194%2C143%2C22%2C69%2C70%2C136%2C65%2C64%2C11%2C151%2C87%2C16%2C130%2C123%2C72%2C75%2C129%2C148%2C153%2C8%2C4%2C5%2C7%2C6%2C3%2C88%2C98%2C154%2C159%2C208%2C59%2C175%2C176%2C52%2C264%2C30%2C71%2C220%2C219%2C218%2C23%2C32%2C100%2C58%2C10%2C60%2C94%2C95%2C96%2C102%2C126%2C31%2C29%2C128%2C125%2C124%2C144%2C73%2C147%2C145%2C146%2C47%2C57%2C119%2C15%2C150%2C42%2C251%2C252%2C250%2C26%2C27%2C28%2C45%2C137%2C74%2C109%2C18%2C20%2C41%2C37%2C39%2C38%2C80%2C89%2C93%2C107%2C135%2C138%2C43%2C108%2C24%2C21%2C115%2C66%2C35%2C140%2C139%2C141%2C132%2C131%2C25%2C34%2C56%2C106%2C149%2C67%2C17%2C142%2C111%2C78%2C63%2C19%2C82%2C83%2C112%2C81%2C33%2C280%2C201%2C190%2C191%2C189%2C283%2C275%2C49%2C202%2C104%2C127%2C77%2C117%2C51%2C44%2C46%2C110%2C116%2C122%2C55%2C61%2C50%2C53%2C97%2C152%2C1%2C120%2C14%2C118%2C12%2C2%2C54%2C90%2C62%2C114%2C86%2C85%2C155%2C156%2C91%2C92%2C9%2C121%2C99%2C48%2C133%2C84%2C76%2C68%2C113%2C103%2C40%2C134%2C0%2C79%2C36%2C105%2C13%2C157 → 200 (?ms, 162326B)
[2026-03-27T05:05:36.800Z] POST https://logs.viewstats.com/rum/v1/default/rum?o2source=browser&o2tags=sdk_version%3A0.2.11%2Capi%3Afetch%2Cenv%3Aprod%2Cservice%3Aviewstats-web%2Cversion%3Av-3efef7ea5ba294573b1efea8bf4c02f590a0d674&o2-api-key=rumwoHeWeLpKk53Wbog&o2-evp-origin-version=0.2.11&o2-evp-origin=browser&o2-request-id=b9ca9035-14b2-4779-a44f-466e7a6a2314&batch_time=1774587936799 → pending (?ms, ?B)
[2026-03-27T05:05:36.802Z] GET https://cdn.mxpnl.com/libs/mixpanel-recorder-wIWnMDLA.min.js → 200 (?ms, 340747B)
[2026-03-27T05:05:36.806Z] GET https://px.ads.linkedin.com/attribution_trigger?pid=5727050&time=1774587936805&url=https%3A%2F%2Fwww.viewstats.com%2Finfo → 200 (231ms, 2B)
[2026-03-27T05:05:36.806Z] GET https://px.ads.linkedin.com/collect?v=2&fmt=js&pid=5727050&time=1774587936805&li_adsId=7458781f-635f-45c2-921f-266788e3427e&url=https%3A%2F%2Fwww.viewstats.com%2Finfo → 200 (229ms, ?B)
[2026-03-27T05:05:36.812Z] POST https://api.userway.org/api/v1/tunings/pcPmJAs7GU → 200 (223ms, 1547B)
[2026-03-27T05:05:36.840Z] GET https://googleads.g.doubleclick.net/pagead/viewthroughconversion/11220119608/?random=1774587936833&cv=11&fst=1774587936833&bg=ffffff&guid=ON&async=1&en=gtag.config&gtm=45be63p1v9123481326z89171438122za20gzb9171438122zd9171438122xec&gcd=13l3l3l3l1l1&dma=0&tag_exp=0~115616986~115938465~115938469~117484252~117884344&u_w=1280&u_h=720&url=https%3A%2F%2Fwww.viewstats.com%2Finfo&frm=0&tiba=Viewstats%3A%20Create%20video%20ideas%2C%20titles%2C%20and%20thumbnails%20that%20go%20viral&hn=www.googleadservices.com&npa=0&pscdl=noapi&auid=683403823.1774587910&uaa=arm&uab=64&uafvl=Not%253AA-Brand%3B99.0.0.0%7CHeadlessChrome%3B145.0.7632.6%7CChromium%3B145.0.7632.6&uamb=0&uam=&uap=macOS&uapv=26.3.1&uaw=0&data=event%3Dgtag.config&rfmt=3&fmt=4 → 200 (194ms, 5467B)
[2026-03-27T05:05:36.840Z] GET https://googleads.g.doubleclick.net/pagead/viewthroughconversion/11220119608/?random=1774587936837&cv=11&fst=1774587936837&bg=ffffff&guid=ON&async=1&gtm=45be63p1v9123481326z89171438122za20gzb9171438122zd9171438122xea&gcd=13l3l3l3l1l1&dma=0&tag_exp=0~115616986~115938465~115938469~117484252~117884344&u_w=1280&u_h=720&url=https%3A%2F%2Fwww.viewstats.com%2Finfo&frm=0&tiba=Viewstats%3A%20Create%20video%20ideas%2C%20titles%2C%20and%20thumbnails%20that%20go%20viral&hn=www.googleadservices.com&npa=0&pscdl=noapi&auid=683403823.1774587910&uaa=arm&uab=64&uafvl=Not%253AA-Brand%3B99.0.0.0%7CHeadlessChrome%3B145.0.7632.6%7CChromium%3B145.0.7632.6&uamb=0&uam=&uap=macOS&uapv=26.3.1&uaw=0&_tu=CA&rfmt=3&fmt=4 → 200 (194ms, 5391B)
[2026-03-27T05:05:36.840Z] POST https://www.google.com/ccm/collect?frm=0&en=page_view&dl=https%3A%2F%2Fwww.viewstats.com%2Finfo&scrsrc=www.googletagmanager.com&rnd=1251595594.1774587937&dt=Viewstats%3A%20Create%20video%20ideas%2C%20titles%2C%20and%20thumbnails%20that%20go%20viral&auid=683403823.1774587910&navt=n&npa=0&gtm=45be63p1v9123481326z89171438122za20gzb9171438122zd9171438122xec&gcd=13l3l3l3l1l1&dma=0&tag_exp=0~115616986~115938465~115938469~117484252~117884344&apve=1&apvf=f&apvc=0&tids=AW-11220119608&tid=AW-11220119608&tft=1774587936838&tfd=565 → 200 (197ms, ?B)
[2026-03-27T05:05:36.840Z] POST https://www.google.com/ccm/collect?frm=0&ae=g&dl=https%3A%2F%2Fwww.viewstats.com%2Finfo&scrsrc=www.googletagmanager.com&rnd=1251595594.1774587937&dt=Viewstats%3A%20Create%20video%20ideas%2C%20titles%2C%20and%20thumbnails%20that%20go%20viral&auid=683403823.1774587910&navt=n&npa=0&_tu=CA&gtm=45be63p1v9123481326z89171438122za20gzb9171438122zd9171438122xea&gcd=13l3l3l3l1l1&dma=0&tag_exp=0~115616986~115938465~115938469~117484252~117884344&apve=1&apvf=f&apvc=0&tids=AW-11220119608&tid=AW-11220119608&tft=1774587936838&tfd=566 → 200 (197ms, ?B)
[2026-03-27T05:05:36.871Z] GET https://t.co/1/i/adsct?bci=4&dv=Asia%2FSeoul%26en-US%26Google%20Inc.%26MacIntel%26127%261280%26720%268%2624%261280%26720%260%26na&eci=3&event=%7B%7D&event_id=ca73ea4d-c165-4a1c-92aa-e891d0ecd050&integration=gtm&p_id=Twitter&p_user_id=0&pl_id=f1a0bc7a-0289-4b75-9692-a29e2c8fc782&pt=Viewstats%3A%20Create%20video%20ideas%2C%20titles%2C%20and%20thumbnails%20that%20go%20viral&tw_document_href=https%3A%2F%2Fwww.viewstats.com%2Finfo&tw_iframe_status=0&tw_pid_src=2&twpid=tw.1774587910552.775548226768042244&txn_id=oncdw&type=javascript&version=2.3.50 → 200 (180ms, 43B)
[2026-03-27T05:05:36.871Z] GET https://analytics.twitter.com/1/i/adsct?bci=4&dv=Asia%2FSeoul%26en-US%26Google%20Inc.%26MacIntel%26127%261280%26720%268%2624%261280%26720%260%26na&eci=3&event=%7B%7D&event_id=ca73ea4d-c165-4a1c-92aa-e891d0ecd050&integration=gtm&p_id=Twitter&p_user_id=0&pl_id=f1a0bc7a-0289-4b75-9692-a29e2c8fc782&pt=Viewstats%3A%20Create%20video%20ideas%2C%20titles%2C%20and%20thumbnails%20that%20go%20viral&tw_document_href=https%3A%2F%2Fwww.viewstats.com%2Finfo&tw_iframe_status=0&tw_pid_src=2&twpid=tw.1774587910552.775548226768042244&txn_id=oncdw&type=javascript&version=2.3.50 → 200 (171ms, 43B)
[2026-03-27T05:05:37.031Z] GET https://www.viewstats.com/_next/static/chunks/53725.4a92d61521208f95.js → 200 (?ms, 1146B)
[2026-03-27T05:05:37.032Z] GET https://www.viewstats.com/_next/static/chunks/51114.87ade98151821467.js → 200 (?ms, 2487B)
[2026-03-27T05:05:37.032Z] GET https://www.viewstats.com/_next/static/chunks/43723.11c94ebf8a89fe58.js → 200 (28ms, 2428B)
[2026-03-27T05:05:37.032Z] GET https://www.viewstats.com/_next/static/chunks/96937.665a5d5aacb85bc9.js → 200 (211ms, 2404B)
[2026-03-27T05:05:37.032Z] GET https://www.viewstats.com/_next/static/chunks/4413.c6e3b9dae0d21485.js → 200 (35ms, 2401B)
[2026-03-27T05:05:37.032Z] GET https://www.viewstats.com/_next/static/chunks/19347.55ff664992d79771.js → 200 (28ms, 3153B)
[2026-03-27T05:05:37.032Z] GET https://www.viewstats.com/_next/static/chunks/29906.0b4662bbf7df077e.js → 200 (31ms, 3635B)
[2026-03-27T05:05:37.032Z] GET https://www.viewstats.com/_next/static/chunks/86098.4629f9c8347cfb44.js → 200 (29ms, 3041B)
[2026-03-27T05:05:37.032Z] GET https://www.viewstats.com/_next/static/chunks/3022.9f33d52f97d0ccfd.js → 200 (38ms, 2575B)
[2026-03-27T05:05:37.032Z] GET https://www.viewstats.com/_next/static/chunks/82166.eefeedc9a8dccaef.js → 200 (31ms, 2470B)
[2026-03-27T05:05:37.032Z] GET https://www.viewstats.com/_next/static/chunks/91497.d1fda2f91fb808c3.js → 200 (31ms, 3200B)
[2026-03-27T05:05:37.032Z] GET https://www.viewstats.com/_next/static/chunks/78437.978b0238beec470c.js → 200 (35ms, 4167B)
[2026-03-27T05:05:37.032Z] GET https://www.viewstats.com/_next/static/chunks/16196.a7e247a60ef94a49.js → 200 (38ms, 3888B)
[2026-03-27T05:05:37.032Z] GET https://www.viewstats.com/_next/static/chunks/86430.80cd46568f8b8a78.js → 200 (38ms, 2664B)
[2026-03-27T05:05:37.032Z] GET https://www.viewstats.com/_next/static/chunks/85533.c21464a1189a59ea.js → 200 (210ms, 3212B)
[2026-03-27T05:05:37.032Z] GET https://www.viewstats.com/_next/static/chunks/86551.f792c8b6ba5f2ec9.js → 200 (208ms, 2688B)
[2026-03-27T05:05:37.032Z] GET https://www.viewstats.com/_next/static/chunks/3193.f3f1291a04535c85.js → 200 (209ms, 3041B)
[2026-03-27T05:05:37.032Z] GET https://www.viewstats.com/_next/static/chunks/15992.aadcf8b3682cc0bc.js → 200 (210ms, 2417B)
[2026-03-27T05:05:37.032Z] GET https://www.viewstats.com/_next/static/chunks/6763.5497a30b60c704c8.js → 200 (210ms, 3317B)
[2026-03-27T05:05:37.032Z] GET https://www.viewstats.com/_next/static/chunks/16823.011bb3badb4f9a9c.js → 200 (209ms, 2505B)
[2026-03-27T05:05:37.032Z] GET https://www.viewstats.com/_next/static/chunks/32550.f9fdf1ff95d9938e.js → 200 (210ms, 3573B)
[2026-03-27T05:05:37.032Z] GET https://storage.googleapis.com/icons-vs/videos/launch_video.mp4 → pending (?ms, ?B)
[2026-03-27T05:05:37.033Z] GET https://www.viewstats.com/api/payment/prices → 200 (372ms, 4382B)
[2026-03-27T05:05:37.034Z] GET https://auth.viewstats.com/user/me/creator-info → 401 (212ms, ?B)
[2026-03-27T05:05:37.034Z] POST https://logs.viewstats.com/rum/v1/default/rum?o2source=browser&o2tags=sdk_version%3A0.2.11%2Capi%3Afetch%2Cenv%3Aprod%2Cservice%3Aviewstats-web%2Cversion%3Av-3efef7ea5ba294573b1efea8bf4c02f590a0d674&o2-api-key=rumwoHeWeLpKk53Wbog&o2-evp-origin-version=0.2.11&o2-evp-origin=browser&o2-request-id=4993bd49-632d-4f1a-8d24-7eaede813959&batch_time=1774587936931 → pending (?ms, ?B)
[2026-03-27T05:05:37.034Z] POST https://logs.viewstats.com/rum/v1/default/rum?o2source=browser&o2tags=sdk_version%3A0.2.11%2Capi%3Axhr%2Cenv%3Aprod%2Cservice%3Aviewstats-web%2Cversion%3Av-3efef7ea5ba294573b1efea8bf4c02f590a0d674&o2-api-key=rumwoHeWeLpKk53Wbog&o2-evp-origin-version=0.2.11&o2-evp-origin=browser&o2-request-id=29506ac1-540c-4036-b781-d660d88fbdd9&batch_time=1774587936931 → pending (?ms, ?B)
[2026-03-27T05:05:37.034Z] GET https://www.viewstats.com/login?redirectUri=https%3A%2F%2Fwww.viewstats.com%2F&_rsc=124iu → 200 (212ms, 205B)
[2026-03-27T05:05:37.034Z] GET https://www.viewstats.com/signup?redirectUri=https%3A%2F%2Fwww.viewstats.com%2F&_rsc=124iu → 200 (211ms, 206B)
[2026-03-27T05:05:37.034Z] GET https://www.viewstats.com/pricing?_rsc=124iu → 200 (212ms, 168B)
[2026-03-27T05:05:37.034Z] GET https://www.google.com/pagead/1p-user-list/11220119608/?random=1774587936837&cv=11&fst=1774587600000&bg=ffffff&guid=ON&async=1&gtm=45be63p1v9123481326z89171438122za20gzb9171438122zd9171438122xea&gcd=13l3l3l3l1l1&dma=0&tag_exp=0~115616986~115938465~115938469~117484252~117884344&u_w=1280&u_h=720&url=https%3A%2F%2Fwww.viewstats.com%2Finfo&frm=0&tiba=Viewstats%3A%20Create%20video%20ideas%2C%20titles%2C%20and%20thumbnails%20that%20go%20viral&hn=www.googleadservices.com&npa=0&pscdl=noapi&auid=683403823.1774587910&uaa=arm&uab=64&uafvl=Not%253AA-Brand%3B99.0.0.0%7CHeadlessChrome%3B145.0.7632.6%7CChromium%3B145.0.7632.6&uamb=0&uam=&uap=macOS&uapv=26.3.1&uaw=0&_tu=CA&rfmt=3&fmt=3&is_vtc=1&cid=CAQSvwEABaugfYbU6nEpQtnpj8BvQ8FXlaltAnUydZ2rwldKRljFjFLF8SKPJJx44FD2Ez4hAYzz_inmqUfr2WZhOQK9TAjjaz3sxVFJNMi9aRS5hMkYQLCF88lwekkw36_b2x8DBxmivuLq5R8HyOVIkhc2tHwGLe9ydWMn__Jdq_Ch6PpzFsRX1ITbwa0s-m1mZprZvGWUzAJI76Nl2mGwK4s0mmH9RQw2H4aMcXblCqRHOuL0Zfuu9tNLUJFUH2f3CQ&random=3609746916&rmt_tld=0&ipr=y → 200 (1ms, 42B)
[2026-03-27T05:05:37.034Z] GET https://www.google.co.kr/pagead/1p-user-list/11220119608/?random=1774587936837&cv=11&fst=1774587600000&bg=ffffff&guid=ON&async=1&gtm=45be63p1v9123481326z89171438122za20gzb9171438122zd9171438122xea&gcd=13l3l3l3l1l1&dma=0&tag_exp=0~115616986~115938465~115938469~117484252~117884344&u_w=1280&u_h=720&url=https%3A%2F%2Fwww.viewstats.com%2Finfo&frm=0&tiba=Viewstats%3A%20Create%20video%20ideas%2C%20titles%2C%20and%20thumbnails%20that%20go%20viral&hn=www.googleadservices.com&npa=0&pscdl=noapi&auid=683403823.1774587910&uaa=arm&uab=64&uafvl=Not%253AA-Brand%3B99.0.0.0%7CHeadlessChrome%3B145.0.7632.6%7CChromium%3B145.0.7632.6&uamb=0&uam=&uap=macOS&uapv=26.3.1&uaw=0&_tu=CA&rfmt=3&fmt=3&is_vtc=1&cid=CAQSvwEABaugfYbU6nEpQtnpj8BvQ8FXlaltAnUydZ2rwldKRljFjFLF8SKPJJx44FD2Ez4hAYzz_inmqUfr2WZhOQK9TAjjaz3sxVFJNMi9aRS5hMkYQLCF88lwekkw36_b2x8DBxmivuLq5R8HyOVIkhc2tHwGLe9ydWMn__Jdq_Ch6PpzFsRX1ITbwa0s-m1mZprZvGWUzAJI76Nl2mGwK4s0mmH9RQw2H4aMcXblCqRHOuL0Zfuu9tNLUJFUH2f3CQ&random=3609746916&rmt_tld=1&ipr=y → 200 (4ms, 42B)
[2026-03-27T05:05:37.034Z] GET https://www.google.com/pagead/1p-user-list/11220119608/?random=1774587936833&cv=11&fst=1774587600000&bg=ffffff&guid=ON&async=1&en=gtag.config&gtm=45be63p1v9123481326z89171438122za20gzb9171438122zd9171438122xec&gcd=13l3l3l3l1l1&dma=0&tag_exp=0~115616986~115938465~115938469~117484252~117884344&u_w=1280&u_h=720&url=https%3A%2F%2Fwww.viewstats.com%2Finfo&frm=0&tiba=Viewstats%3A%20Create%20video%20ideas%2C%20titles%2C%20and%20thumbnails%20that%20go%20viral&hn=www.googleadservices.com&npa=0&pscdl=noapi&auid=683403823.1774587910&uaa=arm&uab=64&uafvl=Not%253AA-Brand%3B99.0.0.0%7CHeadlessChrome%3B145.0.7632.6%7CChromium%3B145.0.7632.6&uamb=0&uam=&uap=macOS&uapv=26.3.1&uaw=0&data=event%3Dgtag.config&rfmt=3&fmt=3&is_vtc=1&cid=CAQSvwEABaugfXU7w2N1mVGVF0VIZg4FuxQtawghJ7nLOBICdoJD_jji0y8C7_U5sl33i07YFrHOlrAjstETdche9R_he9uSQb9KIFs8GgaUmZqNQoydnn9cUyxvXxkMkENsw5JdVsYAsk2KqVEDtK7yDR7Bwv3nhQ7gRjgg27Y4-w9RW_MIyl9ESm68gVFRFvLiFWudZCDvlr-KxPSQimgqPnqWTsHv3WkqZ9tqxs3H-bra30-lM250TkdjCM5TJa6KBg&random=205125179&rmt_tld=0&ipr=y → 200 (1ms, 42B)
[2026-03-27T05:05:37.034Z] GET https://www.google.co.kr/pagead/1p-user-list/11220119608/?random=1774587936833&cv=11&fst=1774587600000&bg=ffffff&guid=ON&async=1&en=gtag.config&gtm=45be63p1v9123481326z89171438122za20gzb9171438122zd9171438122xec&gcd=13l3l3l3l1l1&dma=0&tag_exp=0~115616986~115938465~115938469~117484252~117884344&u_w=1280&u_h=720&url=https%3A%2F%2Fwww.viewstats.com%2Finfo&frm=0&tiba=Viewstats%3A%20Create%20video%20ideas%2C%20titles%2C%20and%20thumbnails%20that%20go%20viral&hn=www.googleadservices.com&npa=0&pscdl=noapi&auid=683403823.1774587910&uaa=arm&uab=64&uafvl=Not%253AA-Brand%3B99.0.0.0%7CHeadlessChrome%3B145.0.7632.6%7CChromium%3B145.0.7632.6&uamb=0&uam=&uap=macOS&uapv=26.3.1&uaw=0&data=event%3Dgtag.config&rfmt=3&fmt=3&is_vtc=1&cid=CAQSvwEABaugfXU7w2N1mVGVF0VIZg4FuxQtawghJ7nLOBICdoJD_jji0y8C7_U5sl33i07YFrHOlrAjstETdche9R_he9uSQb9KIFs8GgaUmZqNQoydnn9cUyxvXxkMkENsw5JdVsYAsk2KqVEDtK7yDR7Bwv3nhQ7gRjgg27Y4-w9RW_MIyl9ESm68gVFRFvLiFWudZCDvlr-KxPSQimgqPnqWTsHv3WkqZ9tqxs3H-bra30-lM250TkdjCM5TJa6KBg&random=205125179&rmt_tld=1&ipr=y → 200 (4ms, 42B)
[2026-03-27T05:05:37.035Z] POST https://prodregistryv2.org/v1/rgstr?k=client-VfILmBGz1207Toqf802NsxDnNc2hcNlIcviA2ao0lNJ&st=javascript-client-react&sv=3.30.2&t=1774587936966&sid=a2787dab-5571-4b18-8a7d-a96296f143f4&ec=4&gz=1 → 202 (28ms, 16B)
[2026-03-27T05:05:37.035Z] POST https://px.ads.linkedin.com/wa/?medium=fetch&fmt=g → 204 (212ms, ?B)
[2026-03-27T05:05:37.422Z] GET https://www.viewstats.com/_next/static/media/8e9860b6e62d6359-s.woff2 → pending (?ms, ?B)
[2026-03-27T05:05:37.523Z] GET https://cdn.userway.org/widgetapp/2026-03-20-13-54-16/remediation/remediation_1774014856108.js → 200 (?ms, 47204B)
[2026-03-27T05:05:37.524Z] GET https://cdn.userway.org/styles/2026-03-20-13-54-16/widget_base.css?v=1774014856108 → 200 (1ms, 31488B)
[2026-03-27T05:05:37.534Z] GET https://cdn.userway.org/widgetapp/images/body_wh.svg → 200 (?ms, 4561B)
[2026-03-27T05:05:37.534Z] GET https://cdn.userway.org/widgetapp/images/spin_wh.svg → 200 (?ms, 1977B)
[2026-03-27T05:05:38.250Z] GET https://auth.viewstats.com/user/me/creator-info → 401 (248ms, ?B)
[2026-03-27T05:05:38.337Z] GET https://www.viewstats.com/privacy?_rsc=124iu → 200 (230ms, 124B)
[2026-03-27T05:05:39.866Z] POST https://www.viewstats.com/cdn-cgi/rum? → 204 (129ms, ?B)
[2026-03-27T05:05:40.501Z] GET https://auth.viewstats.com/user/me/creator-info → pending (?ms, ?B)
[2026-03-27T05:05:41.784Z] POST https://analytics.google.com/g/collect?v=2&tid=G-5BCH4607M9&gtm=45je63p1v9123487123za200zd9123487123&_p=1774587936755&gcd=13l3l3l3l1l1&npa=0&dma=0&cid=193949307.1774587909&ul=en-us&sr=1280x720&uaa=arm&uab=64&uafvl=Not%253AA-Brand%3B99.0.0.0%7CHeadlessChrome%3B145.0.7632.6%7CChromium%3B145.0.7632.6&uamb=0&uam=&uap=macOS&uapv=26.3.1&uaw=0&are=1&frm=0&pscdl=noapi&_eu=AAgAAGQ&_s=2&tag_exp=0~115616985~115938465~115938469~117484252&uid=&sid=1774587909&sct=1&seg=1&dl=https%3A%2F%2Fwww.viewstats.com%2Finfo&dt=Viewstats%3A%20Create%20video%20ideas%2C%20titles%2C%20and%20thumbnails%20that%20go%20viral&en=Viewstats_Info&_et=1&tfd=5510 → 204 (182ms, ?B)
[2026-03-27T05:05:41.805Z] POST https://api-js.mixpanel.com/track/?verbose=1&ip=1&_=1774587941803 → 200 (161ms, 25B)
[2026-03-27T05:05:42.531Z] GET https://api.userway.org/api/a11y-data/v0/page/https%3A%2F%2Fwww.viewstats.com%2Finfo/DESKTOP/WIDGET_OFF/status → pending (?ms, ?B)
[2026-03-27T05:05:43.021Z] POST https://logs.viewstats.com/rum/v1/default/logs?o2source=browser&o2tags=sdk_version%3A0.2.11%2Capi%3Abeacon%2Cenv%3Aprod%2Cservice%3Aviewstats-web%2Cversion%3Av-3efef7ea5ba294573b1efea8bf4c02f590a0d674&o2-api-key=rumwoHeWeLpKk53Wbog&o2-evp-origin-version=0.2.11&o2-evp-origin=browser&o2-request-id=2a917c7f-3ab6-4fd6-9e59-869cdc48bf88 → pending (?ms, ?B)
[2026-03-27T05:05:43.021Z] POST https://logs.viewstats.com/rum/v1/default/rum?o2source=browser&o2tags=sdk_version%3A0.2.11%2Capi%3Abeacon%2Cenv%3Aprod%2Cservice%3Aviewstats-web%2Cversion%3Av-3efef7ea5ba294573b1efea8bf4c02f590a0d674&o2-api-key=rumwoHeWeLpKk53Wbog&o2-evp-origin-version=0.2.11&o2-evp-origin=browser&o2-request-id=9e64187c-4d71-4a20-8975-9de06b31937b&batch_time=1774587943014 → pending (?ms, ?B)
[2026-03-27T05:05:43.022Z] POST https://logs.viewstats.com/rum/v1/default/rum?o2source=browser&o2tags=sdk_version%3A0.2.11%2Capi%3Axhr%2Cenv%3Aprod%2Cservice%3Aviewstats-web%2Cversion%3Av-3efef7ea5ba294573b1efea8bf4c02f590a0d674&o2-api-key=rumwoHeWeLpKk53Wbog&o2-evp-origin-version=0.2.11&o2-evp-origin=browser&o2-request-id=5c2e0865-1618-4c6f-a122-1de6b1465572&batch_time=1774587943014 → pending (?ms, ?B)
[2026-03-27T05:05:43.023Z] GET https://hypefury.com/ → pending (?ms, ?B)
[2026-03-27T05:05:43.023Z] POST https://prodregistryv2.org/v1/rgstr?k=client-VfILmBGz1207Toqf802NsxDnNc2hcNlIcviA2ao0lNJ&st=javascript-client-react&sv=3.30.2&t=1774587943017&sid=a2787dab-5571-4b18-8a7d-a96296f143f4&ec=1&gz=1 → 202 (215ms, ?B)
[2026-03-27T05:05:44.605Z] GET https://hypefury.com/wp-content/uploads/2024/10/kieran-drew-2x.png → pending (?ms, ?B)
[2026-03-27T05:05:44.605Z] GET https://hypefury.com/wp-content/cache/min/1/wp-content/plugins/structured-content/dist/blocks.style.build.css?ver=1773258012 → pending (?ms, ?B)
[2026-03-27T05:05:44.605Z] GET https://hypefury.com/wp-content/cache/min/1/wp-content/plugins/convertkit/resources/frontend/css/broadcasts.css?ver=1773258012 → pending (?ms, ?B)
[2026-03-27T05:05:44.605Z] GET https://hypefury.com/wp-content/cache/min/1/wp-content/plugins/convertkit/resources/frontend/css/button.css?ver=1773258012 → pending (?ms, ?B)
[2026-03-27T05:05:44.605Z] GET https://hypefury.com/wp-content/cache/min/1/wp-content/plugins/convertkit/resources/frontend/css/form.css?ver=1773258012 → pending (?ms, ?B)
[2026-03-27T05:05:44.605Z] GET https://hypefury.com/wp-content/cache/min/1/wp-content/plugins/convertkit/resources/frontend/css/form-builder.css?ver=1773258012 → pending (?ms, ?B)
[2026-03-27T05:05:44.605Z] GET https://hypefury.com/wp-content/cache/min/1/wp-content/plugins/bt-bb-ab/css/experiment-frontend.css?ver=1773258012 → pending (?ms, ?B)
[2026-03-27T05:05:44.605Z] GET https://hypefury.com/wp-content/cache/min/1/wp-content/plugins/tweet-generator/assets/css/style.css?ver=1773258012 → pending (?ms, ?B)
[2026-03-27T05:05:44.605Z] GET https://hypefury.com/wp-content/cache/min/1/wp-content/themes/hello-elementor/assets/css/theme.css?ver=1773258012 → pending (?ms, ?B)
[2026-03-27T05:05:44.605Z] GET https://hypefury.com/wp-content/cache/min/1/wp-content/themes/hello-theme-child-master/style.css?ver=1773258012 → pending (?ms, ?B)
[2026-03-27T05:05:44.605Z] GET https://hypefury.com/wp-content/cache/min/1/wp-content/themes/hello-elementor/assets/css/reset.css?ver=1773258012 → pending (?ms, ?B)
[2026-03-27T05:05:44.605Z] GET https://hypefury.com/wp-content/cache/min/1/wp-content/themes/hello-elementor/assets/css/header-footer.css?ver=1773258012 → pending (?ms, ?B)
[2026-03-27T05:05:44.606Z] GET https://hypefury.com/wp-content/plugins/elementor/assets/css/frontend.min.css?ver=3.34.0 → pending (?ms, ?B)
[2026-03-27T05:05:44.607Z] GET https://hypefury.com/wp-content/uploads/elementor/css/post-5919.css?ver=1773258012 → pending (?ms, ?B)
[2026-03-27T05:05:44.607Z] GET https://hypefury.com/wp-content/cache/min/1/wp-content/plugins/addons-for-elementor/assets/css/lib/animate.css?ver=1773258012 → pending (?ms, ?B)
[2026-03-27T05:05:44.607Z] GET https://hypefury.com/wp-content/plugins/addons-for-elementor/assets/css/lib/sliders.min.css?ver=8.8 → pending (?ms, ?B)
[2026-03-27T05:05:44.607Z] GET https://hypefury.com/wp-content/cache/min/1/wp-content/plugins/addons-for-elementor/assets/css/icomoon.css?ver=1773258012 → pending (?ms, ?B)
[2026-03-27T05:05:44.607Z] GET https://hypefury.com/wp-content/cache/min/1/wp-content/plugins/addons-for-elementor/assets/css/lae-frontend.css?ver=1773258012 → pending (?ms, ?B)
[2026-03-27T05:05:44.607Z] GET https://hypefury.com/wp-content/cache/min/1/wp-content/plugins/addons-for-elementor/assets/css/lae-grid.css?ver=1773258012 → pending (?ms, ?B)
[2026-03-27T05:05:44.607Z] GET https://hypefury.com/wp-content/plugins/addons-for-elementor/assets/css/widgets/lae-widgets.min.css?ver=8.8 → pending (?ms, ?B)
[2026-03-27T05:05:44.608Z] GET https://hypefury.com/wp-content/plugins/elementor-pro/assets/css/frontend.min.css?ver=3.22.0 → pending (?ms, ?B)
[2026-03-27T05:05:44.608Z] GET https://hypefury.com/wp-content/cache/min/1/wp-content/plugins/elementor/assets/lib/font-awesome/css/all.min.css?ver=1773258013 → pending (?ms, ?B)
[2026-03-27T05:05:44.608Z] GET https://hypefury.com/wp-content/plugins/elementor/assets/lib/font-awesome/css/v4-shims.min.css?ver=3.34.0 → pending (?ms, ?B)
[2026-03-27T05:05:44.608Z] GET https://hypefury.com/wp-content/plugins/elementor/assets/css/widget-heading.min.css?ver=3.34.0 → pending (?ms, ?B)
[2026-03-27T05:05:44.608Z] GET https://hypefury.com/wp-content/plugins/elementor/assets/lib/animations/styles/fadeIn.min.css?ver=3.34.0 → pending (?ms, ?B)
[2026-03-27T05:05:44.608Z] GET https://hypefury.com/wp-content/plugins/elementor/assets/css/widget-image.min.css?ver=3.34.0 → pending (?ms, ?B)
[2026-03-27T05:05:44.608Z] GET https://hypefury.com/wp-content/plugins/elementor/assets/css/widget-icon-list.min.css?ver=3.34.0 → pending (?ms, ?B)
[2026-03-27T05:05:44.608Z] GET https://hypefury.com/wp-content/plugins/elementor/assets/css/widget-social-icons.min.css?ver=3.34.0 → pending (?ms, ?B)
[2026-03-27T05:05:44.608Z] GET https://hypefury.com/wp-content/plugins/elementor/assets/css/conditionals/apple-webkit.min.css?ver=3.34.0 → pending (?ms, ?B)
[2026-03-27T05:05:44.608Z] GET https://hypefury.com/wp-content/uploads/elementor/css/post-22013.css?ver=1773828103 → pending (?ms, ?B)
[2026-03-27T05:05:44.608Z] GET https://hypefury.com/wp-content/uploads/elementor/css/post-22015.css?ver=1773258012 → pending (?ms, ?B)
[2026-03-27T05:05:44.608Z] GET https://hypefury.com/wp-content/uploads/elementor/css/post-6091.css?ver=1773258012 → pending (?ms, ?B)
[2026-03-27T05:05:44.608Z] GET https://hypefury.com/wp-includes/js/jquery/jquery.min.js?ver=3.7.1 → pending (?ms, ?B)
[2026-03-27T05:05:44.608Z] GET https://hypefury.com/wp-includes/js/jquery/jquery-migrate.min.js?ver=3.4.1 → pending (?ms, ?B)
[2026-03-27T05:05:44.609Z] GET https://hypefury.com/wp-content/plugins/elementor/assets/lib/font-awesome/js/v4-shims.min.js?ver=3.34.0 → pending (?ms, ?B)
[2026-03-27T05:05:44.609Z] GET https://hypefury.com/wp-content/uploads/2021/08/Website-logo.png.webp → pending (?ms, ?B)
[2026-03-27T05:05:44.609Z] GET https://hypefury.com/wp-content/uploads/2024/09/dickiebush_1727190410189-824x1024.jpeg.webp → pending (?ms, ?B)
[2026-03-27T05:05:44.609Z] GET https://hypefury.com/wp-content/uploads/2024/08/ali-abdaal.webp → pending (?ms, ?B)
[2026-03-27T05:05:44.893Z] GET https://hypefury.com/wp-content/plugins/bt-bb-ab/js/bt_conversion-min.js?ver=2.1.0 → pending (?ms, ?B)
[2026-03-27T05:05:44.893Z] GET https://hypefury.com/wp-content/plugins/elementor/assets/js/webpack.runtime.min.js?ver=3.34.0 → pending (?ms, ?B)
[2026-03-27T05:05:44.893Z] GET https://hypefury.com/wp-content/plugins/elementor/assets/js/frontend-modules.min.js?ver=3.34.0 → pending (?ms, ?B)
[2026-03-27T05:05:44.893Z] GET https://hypefury.com/wp-includes/js/jquery/ui/core.min.js?ver=1.13.3 → pending (?ms, ?B)
[2026-03-27T05:05:44.893Z] GET https://hypefury.com/wp-content/plugins/elementor/assets/js/frontend.min.js?ver=3.34.0 → pending (?ms, ?B)
[2026-03-27T05:05:44.893Z] GET https://hypefury.com/wp-content/plugins/elementor-pro/assets/lib/smartmenus/jquery.smartmenus.min.js?ver=1.2.1 → pending (?ms, ?B)
[2026-03-27T05:05:44.893Z] GET https://hypefury.com/wp-content/plugins/rocket-lazy-load/assets/js/16.1/lazyload.min.js → pending (?ms, ?B)
[2026-03-27T05:05:44.923Z] GET https://fonts.googleapis.com/css2?family=Open+Sans:ital,wght@0,300;0,400;0,500;0,600;0,700;0,800;1,300;1,400;1,500;1,600;1,700;1,800&family=Roboto:ital,wght@0,100;0,300;0,400;0,500;0,700;0,900;1,100;1,300;1,400;1,500;1,700;1,900&display=swap → pending (?ms, ?B)
[2026-03-27T05:05:45.691Z] GET https://hypefury.com/wp-content/uploads/2024/10/kieran-drew-2x.png.webp → 200 (463ms, ?B)
[2026-03-27T05:05:46.429Z] GET https://hypefury.com/wp-content/uploads/2020/04/Gilroy-Regular.ttf → pending (?ms, ?B)
[2026-03-27T05:05:46.429Z] GET https://hypefury.com/wp-content/uploads/2024/08/CircularStd-Book.woff → pending (?ms, ?B)
[2026-03-27T05:05:46.429Z] GET https://hypefury.com/wp-content/uploads/2024/08/CircularStd-Bold.woff → pending (?ms, ?B)
[2026-03-27T05:05:46.430Z] GET https://hypefury.com/wp-content/uploads/2020/04/Gilroy-UltraLight.ttf → pending (?ms, ?B)
[2026-03-27T05:05:46.430Z] GET https://hypefury.com/wp-content/plugins/elementor/assets/lib/font-awesome/webfonts/fa-brands-400.woff2 → pending (?ms, ?B)
[2026-03-27T05:05:46.430Z] GET https://hypefury.com/wp-content/uploads/2024/08/nihaarika-1024x1024.webp → pending (?ms, ?B)
[2026-03-27T05:05:46.430Z] GET https://hypefury.com/wp-content/uploads/2024/08/justin-welsh-e1724589027422-722x1024.jpeg.webp → pending (?ms, ?B)
[2026-03-27T05:05:46.430Z] GET https://hypefury.com/wp-content/uploads/2024/08/dan-go.webp → pending (?ms, ?B)
[2026-03-27T05:05:46.430Z] GET https://hypefury.com/wp-content/uploads/2024/08/arvid-kahl-1024x819.webp → pending (?ms, ?B)
[2026-03-27T05:05:47.225Z] POST https://hypefury.com/wp-admin/admin-ajax.php?action=bt_experiment_w&method=beacon → pending (?ms, ?B)
[2026-03-27T05:05:47.240Z] GET https://hypefury.com/wp-content/uploads/2020/04/Gilroy-Bold.ttf → 200 (273ms, 80528B)
[2026-03-27T05:05:47.251Z] GET https://hypefury.com/wp-content/uploads/2024/08/matt-gray.webp → pending (?ms, ?B)
[2026-03-27T05:05:47.558Z] GET https://hypefury.com/wp-content/plugins/elementor/assets/lib/font-awesome/webfonts/fa-solid-900.woff2 → pending (?ms, ?B)
[2026-03-27T05:05:53.848Z] GET https://outlierkit.com/ → 200 (728ms, 55796B)
[2026-03-27T05:05:54.586Z] GET https://outlierkit.com/_app/immutable/assets/app.CRHuRJRm.css → pending (?ms, ?B)
[2026-03-27T05:05:54.586Z] GET https://outlierkit.com/_app/immutable/assets/6.GXug5k8Q.css → pending (?ms, ?B)
[2026-03-27T05:05:54.586Z] GET https://outlierkit.com/_app/immutable/entry/start.Ds3mLSKy.js → pending (?ms, ?B)
[2026-03-27T05:05:54.586Z] GET https://outlierkit.com/_app/immutable/chunks/B_L6ZG8s.js → pending (?ms, ?B)
[2026-03-27T05:05:54.586Z] GET https://outlierkit.com/_app/immutable/chunks/DiBs6HSK.js → pending (?ms, ?B)
[2026-03-27T05:05:54.586Z] GET https://outlierkit.com/_app/immutable/chunks/4u-bTu3b.js → pending (?ms, ?B)
[2026-03-27T05:05:54.586Z] GET https://outlierkit.com/_app/immutable/chunks/DIeogL5L.js → pending (?ms, ?B)
[2026-03-27T05:05:54.586Z] GET https://outlierkit.com/_app/immutable/chunks/Bs4eLFXB.js → pending (?ms, ?B)
[2026-03-27T05:05:54.586Z] GET https://outlierkit.com/_app/immutable/chunks/CFo9vAsF.js → pending (?ms, ?B)
[2026-03-27T05:05:54.586Z] GET https://outlierkit.com/_app/immutable/chunks/BiBXeiE-.js → pending (?ms, ?B)
[2026-03-27T05:05:54.586Z] GET https://outlierkit.com/_app/immutable/chunks/B17Q6ahh.js → pending (?ms, ?B)
[2026-03-27T05:05:54.586Z] GET https://outlierkit.com/_app/immutable/chunks/ByViVvp8.js → pending (?ms, ?B)
[2026-03-27T05:05:54.586Z] GET https://outlierkit.com/_app/immutable/entry/app.CF9MehCn.js → pending (?ms, ?B)
[2026-03-27T05:05:54.586Z] GET https://outlierkit.com/_app/immutable/chunks/CauqUK9o.js → pending (?ms, ?B)
[2026-03-27T05:05:54.586Z] GET https://outlierkit.com/_app/immutable/chunks/hbSGsm1g.js → pending (?ms, ?B)
[2026-03-27T05:05:54.586Z] GET https://outlierkit.com/_app/immutable/chunks/C8-qRfAo.js → pending (?ms, ?B)
[2026-03-27T05:05:54.586Z] GET https://outlierkit.com/_app/immutable/chunks/BP9G5jez.js → pending (?ms, ?B)
[2026-03-27T05:05:54.586Z] GET https://outlierkit.com/_app/immutable/chunks/C2UBbc-x.js → pending (?ms, ?B)
[2026-03-27T05:05:54.586Z] GET https://outlierkit.com/_app/immutable/chunks/CBOsmE_t.js → pending (?ms, ?B)
[2026-03-27T05:05:54.586Z] GET https://outlierkit.com/_app/immutable/chunks/DyizTEUd.js → pending (?ms, ?B)
[2026-03-27T05:05:54.586Z] GET https://outlierkit.com/_app/immutable/chunks/Cfd7RqHc.js → pending (?ms, ?B)
[2026-03-27T05:05:54.586Z] GET https://outlierkit.com/_app/immutable/nodes/0.CmH_JxAK.js → pending (?ms, ?B)
[2026-03-27T05:05:54.586Z] GET https://outlierkit.com/_app/immutable/chunks/69_IOA4Y.js → pending (?ms, ?B)
[2026-03-27T05:05:54.586Z] GET https://outlierkit.com/_app/immutable/chunks/BgqU6eT8.js → pending (?ms, ?B)
[2026-03-27T05:05:54.586Z] GET https://outlierkit.com/_app/immutable/chunks/7aExqt0q.js → pending (?ms, ?B)
[2026-03-27T05:05:54.586Z] GET https://outlierkit.com/_app/immutable/chunks/DV0v31zw.js → pending (?ms, ?B)
[2026-03-27T05:05:54.587Z] GET https://outlierkit.com/_app/immutable/nodes/6.CqKrA8Vd.js → pending (?ms, ?B)
[2026-03-27T05:05:54.587Z] GET https://outlierkit.com/_app/immutable/chunks/DYozY9Fj.js → pending (?ms, ?B)
[2026-03-27T05:05:54.587Z] GET https://outlierkit.com/_app/immutable/chunks/BqrfdWsS.js → pending (?ms, ?B)
[2026-03-27T05:05:54.587Z] GET https://outlierkit.com/_app/immutable/chunks/Z9JdRehd.js → pending (?ms, ?B)
[2026-03-27T05:05:54.587Z] GET https://outlierkit.com/_app/immutable/chunks/v8JUipr4.js → pending (?ms, ?B)
[2026-03-27T05:05:54.587Z] GET https://outlierkit.com/_app/immutable/chunks/CBfSEx4-.js → pending (?ms, ?B)
[2026-03-27T05:05:54.587Z] GET https://outlierkit.com/_app/immutable/chunks/Bqc4BF2r.js → pending (?ms, ?B)
[2026-03-27T05:05:54.587Z] GET https://outlierkit.com/_app/immutable/chunks/C-Mi4zOY.js → pending (?ms, ?B)
[2026-03-27T05:05:54.587Z] GET https://outlierkit.com/_app/immutable/chunks/C8sfnLIK.js → pending (?ms, ?B)
[2026-03-27T05:05:54.587Z] GET https://outlierkit.com/_app/immutable/chunks/D9EFxzaf.js → pending (?ms, ?B)
[2026-03-27T05:05:54.587Z] GET https://outlierkit.com/_app/immutable/chunks/CnVvy1ET.js → pending (?ms, ?B)
[2026-03-27T05:05:54.587Z] GET https://outlierkit.com/_app/immutable/chunks/KUuDOR57.js → pending (?ms, ?B)
[2026-03-27T05:05:54.587Z] GET https://outlierkit.com/_app/immutable/chunks/X40YJjdr.js → pending (?ms, ?B)
[2026-03-27T05:05:54.587Z] GET https://outlierkit.com/_app/immutable/chunks/BtpbfHY0.js → pending (?ms, ?B)
[2026-03-27T05:05:54.587Z] GET https://outlierkit.com/_app/immutable/chunks/CPSo_xWT.js → pending (?ms, ?B)
[2026-03-27T05:05:54.587Z] GET https://outlierkit.com/_app/immutable/chunks/qfS6sUFT.js → pending (?ms, ?B)
[2026-03-27T05:05:54.587Z] GET https://outlierkit.com/_app/immutable/chunks/GkUWbidC.js → pending (?ms, ?B)
[2026-03-27T05:05:54.587Z] GET https://fonts.googleapis.com/css2?family=css2?family=Instrument+Serif:ital@0;1&family=Nunito+Sans:ital,wght@0,200..1000;1,200..1000&family=Outfit:wght@100..900&family=Rubik:ital,wght@0,300..900;1,300..900&display=swap → pending (?ms, ?B)
[2026-03-27T05:05:54.587Z] GET https://js.feedspace.io/v1/embed/embed.min.js → pending (?ms, ?B)
[2026-03-27T05:05:54.587Z] GET https://cdn.paddle.com/paddle/v2/paddle.js → pending (?ms, ?B)
[2026-03-27T05:05:54.587Z] GET https://scripts.refgrowcdn.com/latest.js → pending (?ms, ?B)
[2026-03-27T05:05:54.587Z] GET https://outlierkit.com/logo_3_.svg → pending (?ms, ?B)
[2026-03-27T05:05:54.587Z] GET https://outlierkit.com/image-assets/before-after.jpeg → pending (?ms, ?B)
[2026-03-27T05:05:54.587Z] GET https://www.uneed.best/_ipx/_/POTD1.png → pending (?ms, ?B)
[2026-03-27T05:05:54.901Z] GET https://client.crisp.chat/l.js → 200 (397ms, 7728B)
[2026-03-27T05:05:54.906Z] GET https://www.clarity.ms/tag/qcv70d1mr4 → 200 (427ms, 707B)
[2026-03-27T05:05:54.906Z] GET https://www.googletagmanager.com/gtm.js?id=GTM-WNRDGCRFB5 → pending (?ms, ?B)
[2026-03-27T05:05:54.906Z] GET https://www.googletagmanager.com/gtag/js?id=G-YNRDGCRFB5 → 200 (381ms, 546572B)
[2026-03-27T05:05:54.906Z] GET https://www.googletagmanager.com/gtag/js?id=AW-11265855241 → 200 (392ms, 384260B)
[2026-03-27T05:05:54.906Z] GET https://datafa.st/js/script.js → 200 (392ms, 14182B)
[2026-03-27T05:05:54.907Z] GET https://us-assets.i.posthog.com/static/array.js → 200 (426ms, 175960B)
[2026-03-27T05:05:54.907Z] GET https://www.youtube.com/embed/jotwNEYiuPo → 200 (495ms, 139002B)
[2026-03-27T05:05:54.929Z] GET https://outlierkit.com/image-assets/bg_blur_01.jpg → pending (?ms, ?B)
[2026-03-27T05:05:54.929Z] GET https://outlierkit.com/image-assets/bg_banner.png → pending (?ms, ?B)
[2026-03-27T05:05:55.315Z] POST https://www.google-analytics.com/g/collect?v=2&tid=G-YNRDGCRFB5&gtm=45je63p1v9219856662za200zd9219856662&_p=1774587954902&gcd=13l3l3l3l1l1&npa=0&dma=0&cid=1680697538.1774587955&ul=en-us&sr=1280x720&uaa=arm&uab=64&uafvl=Not%253AA-Brand%3B99.0.0.0%7CHeadlessChrome%3B145.0.7632.6%7CChromium%3B145.0.7632.6&uamb=0&uam=&uap=macOS&uapv=26.3.1&uaw=0&are=1&frm=0&pscdl=noapi&_s=1&tag_exp=0~115938465~115938469~117266401~117484252&sid=1774587955&sct=1&seg=0&dl=https%3A%2F%2Foutlierkit.com%2F&dt=YouTube%20Competitor%20Analysis%20Tool%20-%20OutlierKit%20%7C%20Beat%20The%20Algorithm&en=page_view&_fv=1&_nsi=1&_ss=1&_ee=1&tfd=1459 → pending (?ms, ?B)
[2026-03-27T05:05:55.315Z] GET https://googleads.g.doubleclick.net/pagead/viewthroughconversion/17594697928/?random=1774587955308&cv=11&fst=1774587955308&bg=ffffff&guid=ON&async=1&en=gtag.config&gtm=45je63p1v9219856662za200zd9219856662xec&gcd=13l3l3l3l1l1&dma=0&tag_exp=0~115938465~115938469~117266401~117484252&u_w=1280&u_h=720&url=https%3A%2F%2Foutlierkit.com%2F&frm=0&tiba=YouTube%20Competitor%20Analysis%20Tool%20-%20OutlierKit%20%7C%20Beat%20The%20Algorithm&hn=www.googleadservices.com&npa=0&pscdl=noapi&auid=1584714330.1774587955&uaa=arm&uab=64&uafvl=Not%253AA-Brand%3B99.0.0.0%7CHeadlessChrome%3B145.0.7632.6%7CChromium%3B145.0.7632.6&uamb=0&uam=&uap=macOS&uapv=26.3.1&uaw=0&data=event%3Dgtag.config&rfmt=3&fmt=4 → 200 (284ms, 5379B)
[2026-03-27T05:05:55.315Z] GET https://www.googletagmanager.com/gtag/js?id=AW-11265855241&cx=c&gtm=4e63p1 → pending (?ms, ?B)
[2026-03-27T05:05:55.315Z] POST https://www.google.com/ccm/collect?frm=0&en=page_view&dl=https%3A%2F%2Foutlierkit.com%2F&scrsrc=www.googletagmanager.com&rnd=267838618.1774587955&dt=YouTube%20Competitor%20Analysis%20Tool%20-%20OutlierKit%20%7C%20Beat%20The%20Algorithm&auid=1584714330.1774587955&navt=n&npa=0&gtm=45je63p1v9219856662za200zd9219856662xec&gcd=13l3l3l3l1l1&dma=0&tag_exp=0~115938465~115938469~117266401~117484252&apve=1&apvf=f&apvc=1&tids=AW-17594697928&tid=AW-17594697928&tft=1774587955314&tfd=1467 → 200 (284ms, ?B)
[2026-03-27T05:05:55.331Z] GET https://googleads.g.doubleclick.net/pagead/viewthroughconversion/11265855241/?random=1774587955324&cv=11&fst=1774587955324&bg=ffffff&guid=ON&async=1&en=gtag.config&gtm=45be63p1v9136493334za200zb9219856662zd9219856662xec&gcd=13l3l3l3l1l1&dma=0&tag_exp=0~115938465~115938469~116133314~117484252&u_w=1280&u_h=720&url=https%3A%2F%2Foutlierkit.com%2F&frm=0&tiba=YouTube%20Competitor%20Analysis%20Tool%20-%20OutlierKit%20%7C%20Beat%20The%20Algorithm&hn=www.googleadservices.com&npa=0&pscdl=noapi&auid=1584714330.1774587955&uaa=arm&uab=64&uafvl=Not%253AA-Brand%3B99.0.0.0%7CHeadlessChrome%3B145.0.7632.6%7CChromium%3B145.0.7632.6&uamb=0&uam=&uap=macOS&uapv=26.3.1&uaw=0&data=event%3Dgtag.config&rfmt=3&fmt=4 → 200 (268ms, 5403B)
[2026-03-27T05:05:55.331Z] POST https://www.google.com/ccm/collect?frm=0&en=page_view&dl=https%3A%2F%2Foutlierkit.com%2F&scrsrc=www.googletagmanager.com&rnd=267838618.1774587955&dt=YouTube%20Competitor%20Analysis%20Tool%20-%20OutlierKit%20%7C%20Beat%20The%20Algorithm&auid=1584714330.1774587955&navt=n&npa=0&gtm=45be63p1v9136493334za200zb9219856662zd9219856662xec&gcd=13l3l3l3l1l1&dma=0&tag_exp=0~115938465~115938469~116133314~117484252&apve=1&apvf=f&apvc=0&tids=AW-11265855241&tid=AW-11265855241&tft=1774587955330&tfd=1483 → 200 (268ms, ?B)
[2026-03-27T05:05:55.335Z] GET https://outlierkit.com/_app/immutable/nodes/1.C8X3KIFS.js → pending (?ms, ?B)
[2026-03-27T05:05:55.335Z] GET https://outlierkit.com/_app/immutable/chunks/By-hfEBg.js → pending (?ms, ?B)
[2026-03-27T05:05:55.335Z] GET https://outlierkit.com/_app/immutable/chunks/C6Y2HIOv.js → pending (?ms, ?B)
[2026-03-27T05:05:55.335Z] GET https://outlierkit.com/_app/immutable/chunks/C_rLP4ec.js → pending (?ms, ?B)
[2026-03-27T05:05:55.335Z] GET https://outlierkit.com/_app/immutable/chunks/D-ICP2Eh.js → pending (?ms, ?B)
[2026-03-27T05:05:55.335Z] GET https://outlierkit.com/_app/immutable/assets/1.m_3JlwfY.css → pending (?ms, ?B)
[2026-03-27T05:05:55.341Z] GET https://outlierkit.com/image-assets/testimonials/Swapnil.jpg → pending (?ms, ?B)
[2026-03-27T05:05:55.341Z] GET https://outlierkit.com/image-assets/testimonials/Vikash.jpg → pending (?ms, ?B)
[2026-03-27T05:05:55.341Z] GET https://outlierkit.com/image-assets/testimonials/Gautham.jpg → pending (?ms, ?B)
[2026-03-27T05:05:55.341Z] GET https://outlierkit.com/image-assets/testimonials/Vishal.jpg → pending (?ms, ?B)
[2026-03-27T05:05:55.342Z] GET https://outlierkit.com/image-assets/testimonials/Ayush.jpg → pending (?ms, ?B)
[2026-03-27T05:05:55.342Z] GET https://cdn.paddle.com/paddle/v2/assets/css/paddle.css → 200 (249ms, 4564B)
[2026-03-27T05:05:55.342Z] GET https://public.profitwell.com/js/profitwell.js?auth=paddletoken_live_fa9aa82d66acf0276c96c2dfc23 → pending (?ms, ?B)
[2026-03-27T05:05:55.345Z] GET https://api.feedspace.io/v3/embed/a1ad72ca-8c0a-4305-85b3-c150fddc4824/js → pending (?ms, ?B)
[2026-03-27T05:05:55.345Z] GET https://api.feedspace.io/v3/embed/a1ad72ca-8c0a-4305-85b3-c150fddc4824 → pending (?ms, ?B)
[2026-03-27T05:05:55.345Z] GET https://api.feedspace.io/v3/embed/fedd18de-8c26-4d9f-8dbd-b013cb666df3/js → pending (?ms, ?B)
[2026-03-27T05:05:55.345Z] GET https://api.feedspace.io/v3/embed/fedd18de-8c26-4d9f-8dbd-b013cb666df3 → pending (?ms, ?B)
[2026-03-27T05:05:55.355Z] GET https://us-assets.i.posthog.com/array/phc_gSwDoACDdaP77VbSV08ratXxgQ9gL4G8hF1C0vw5k9I/config.js → pending (?ms, ?B)
[2026-03-27T05:05:55.357Z] GET https://scripts.clarity.ms/0.8.57/clarity.js → pending (?ms, ?B)
[2026-03-27T05:05:55.404Z] GET https://www.youtube.com/s/player/8e54e4ea/www-player.css → 200 (188ms, ?B)
[2026-03-27T05:05:55.405Z] GET https://www.youtube.com/s/_/ytembeds/_/ss/k=ytembeds.base.60I5Vk_AFQM.L.W.O/am=AAAABQ/d=0/br=1/rs=AGKMywGIe_DUf4sBmZqfwr-xnMm1jDLcNQ → pending (?ms, ?B)
[2026-03-27T05:05:55.592Z] GET https://www.youtube.com/s/_/ytembeds/_/js/k=ytembeds.base.en_US.OmImfXGX--M.es5.O/am=AAAABQ/d=1/br=1/rs=AGKMywGkdIVRKln3ZnjPDJ64ZttafgrZqA/m=root,base → pending (?ms, ?B)
[2026-03-27T05:05:55.592Z] GET https://www.youtube.com/s/player/8e54e4ea/player_embed.vflset/ko_KR/base.js → pending (?ms, ?B)
[2026-03-27T05:05:55.600Z] GET https://www.google.com/pagead/1p-user-list/17594697928/?random=1774587955308&cv=11&fst=1774587600000&bg=ffffff&guid=ON&async=1&en=gtag.config&gtm=45je63p1v9219856662za200zd9219856662xec&gcd=13l3l3l3l1l1&dma=0&tag_exp=0~115938465~115938469~117266401~117484252&u_w=1280&u_h=720&url=https%3A%2F%2Foutlierkit.com%2F&frm=0&tiba=YouTube%20Competitor%20Analysis%20Tool%20-%20OutlierKit%20%7C%20Beat%20The%20Algorithm&hn=www.googleadservices.com&npa=0&pscdl=noapi&auid=1584714330.1774587955&uaa=arm&uab=64&uafvl=Not%253AA-Brand%3B99.0.0.0%7CHeadlessChrome%3B145.0.7632.6%7CChromium%3B145.0.7632.6&uamb=0&uam=&uap=macOS&uapv=26.3.1&uaw=0&data=event%3Dgtag.config&rfmt=3&fmt=3&is_vtc=1&cid=CAQSvwEABaugfYzWypwDg0IGFnC6fp0XRtKVyJbfBvT9Gn-X-jDotUwFcWR7pDSrCV93irJHgpgvMT-ZqPDtZqChKDr_AHh2usiWKug4eDVuKg0jMWbqwdIzlVBeMQFabEw2K6gNckxJYrYe01a7Y7Nq3JRBdmgnIlAbkK_rXrLizf0JRw3vDGxlhRGEI3jTk4WZqtDIUIECJI3hGWAo_TZvUWoXtVwM7OgqGMKMzfvV4DNIh3sBfmg28PYntxtyA0Xu-g&random=4203701264&rmt_tld=0&ipr=y → pending (?ms, ?B)
[2026-03-27T05:05:55.600Z] GET https://www.google.co.kr/pagead/1p-user-list/17594697928/?random=1774587955308&cv=11&fst=1774587600000&bg=ffffff&guid=ON&async=1&en=gtag.config&gtm=45je63p1v9219856662za200zd9219856662xec&gcd=13l3l3l3l1l1&dma=0&tag_exp=0~115938465~115938469~117266401~117484252&u_w=1280&u_h=720&url=https%3A%2F%2Foutlierkit.com%2F&frm=0&tiba=YouTube%20Competitor%20Analysis%20Tool%20-%20OutlierKit%20%7C%20Beat%20The%20Algorithm&hn=www.googleadservices.com&npa=0&pscdl=noapi&auid=1584714330.1774587955&uaa=arm&uab=64&uafvl=Not%253AA-Brand%3B99.0.0.0%7CHeadlessChrome%3B145.0.7632.6%7CChromium%3B145.0.7632.6&uamb=0&uam=&uap=macOS&uapv=26.3.1&uaw=0&data=event%3Dgtag.config&rfmt=3&fmt=3&is_vtc=1&cid=CAQSvwEABaugfYzWypwDg0IGFnC6fp0XRtKVyJbfBvT9Gn-X-jDotUwFcWR7pDSrCV93irJHgpgvMT-ZqPDtZqChKDr_AHh2usiWKug4eDVuKg0jMWbqwdIzlVBeMQFabEw2K6gNckxJYrYe01a7Y7Nq3JRBdmgnIlAbkK_rXrLizf0JRw3vDGxlhRGEI3jTk4WZqtDIUIECJI3hGWAo_TZvUWoXtVwM7OgqGMKMzfvV4DNIh3sBfmg28PYntxtyA0Xu-g&random=4203701264&rmt_tld=1&ipr=y → pending (?ms, ?B)
[2026-03-27T05:05:55.600Z] GET https://www.google.com/pagead/1p-user-list/11265855241/?random=1774587955324&cv=11&fst=1774587600000&bg=ffffff&guid=ON&async=1&en=gtag.config&gtm=45be63p1v9136493334za200zb9219856662zd9219856662xec&gcd=13l3l3l3l1l1&dma=0&tag_exp=0~115938465~115938469~116133314~117484252&u_w=1280&u_h=720&url=https%3A%2F%2Foutlierkit.com%2F&frm=0&tiba=YouTube%20Competitor%20Analysis%20Tool%20-%20OutlierKit%20%7C%20Beat%20The%20Algorithm&hn=www.googleadservices.com&npa=0&pscdl=noapi&auid=1584714330.1774587955&uaa=arm&uab=64&uafvl=Not%253AA-Brand%3B99.0.0.0%7CHeadlessChrome%3B145.0.7632.6%7CChromium%3B145.0.7632.6&uamb=0&uam=&uap=macOS&uapv=26.3.1&uaw=0&data=event%3Dgtag.config&rfmt=3&fmt=3&is_vtc=1&cid=CAQSvwEABaugfbpggmQGOjb7zrC1zt6R7RB9W0bPE6dV1JzjBUKndEtOIuJjzH6P4FiwB146-TZePILSs0k7mYLnUEwJCUd_3InRcb1wAuHYWLKthaCUqLqf28VmXq5IoT3WUQ_XH6643QEBaCLatbLP9jR8wzuivMBowGGSY50VfLNBwQTVwgcHiTO21kUIRv-sXbhmSV6NxcLgLyRIiQbEwWXHJzrv48W-2gnnwsNjLoHrbNNsEWXxak4wpp-Dow4umg&random=3022123412&rmt_tld=0&ipr=y → pending (?ms, ?B)
[2026-03-27T05:05:55.600Z] GET https://www.google.co.kr/pagead/1p-user-list/11265855241/?random=1774587955324&cv=11&fst=1774587600000&bg=ffffff&guid=ON&async=1&en=gtag.config&gtm=45be63p1v9136493334za200zb9219856662zd9219856662xec&gcd=13l3l3l3l1l1&dma=0&tag_exp=0~115938465~115938469~116133314~117484252&u_w=1280&u_h=720&url=https%3A%2F%2Foutlierkit.com%2F&frm=0&tiba=YouTube%20Competitor%20Analysis%20Tool%20-%20OutlierKit%20%7C%20Beat%20The%20Algorithm&hn=www.googleadservices.com&npa=0&pscdl=noapi&auid=1584714330.1774587955&uaa=arm&uab=64&uafvl=Not%253AA-Brand%3B99.0.0.0%7CHeadlessChrome%3B145.0.7632.6%7CChromium%3B145.0.7632.6&uamb=0&uam=&uap=macOS&uapv=26.3.1&uaw=0&data=event%3Dgtag.config&rfmt=3&fmt=3&is_vtc=1&cid=CAQSvwEABaugfbpggmQGOjb7zrC1zt6R7RB9W0bPE6dV1JzjBUKndEtOIuJjzH6P4FiwB146-TZePILSs0k7mYLnUEwJCUd_3InRcb1wAuHYWLKthaCUqLqf28VmXq5IoT3WUQ_XH6643QEBaCLatbLP9jR8wzuivMBowGGSY50VfLNBwQTVwgcHiTO21kUIRv-sXbhmSV6NxcLgLyRIiQbEwWXHJzrv48W-2gnnwsNjLoHrbNNsEWXxak4wpp-Dow4umg&random=3022123412&rmt_tld=1&ipr=y → pending (?ms, ?B)
[2026-03-27T05:05:55.862Z] POST https://z.clarity.ms/collect → pending (?ms, ?B)
[2026-03-27T05:05:55.869Z] GET https://us-assets.i.posthog.com/static/posthog-recorder.js?v=1.363.6 → 200 (346ms, 250500B)
[2026-03-27T05:05:55.869Z] GET https://us-assets.i.posthog.com/static/surveys.js?v=1.363.6 → 200 (268ms, 89824B)
[2026-03-27T05:05:55.869Z] GET https://us-assets.i.posthog.com/static/dead-clicks-autocapture.js?v=1.363.6 → 200 (345ms, 13004B)
[2026-03-27T05:05:55.869Z] GET https://us-assets.i.posthog.com/static/web-vitals.js?v=1.363.6 → 200 (271ms, 6393B)
[2026-03-27T05:05:56.123Z] GET https://refgrow.com/api/public/tracking-data?projectId=579 → pending (?ms, ?B)
[2026-03-27T05:05:56.476Z] GET https://embed.feedspace.io/embed.min.js → pending (?ms, ?B)
[2026-03-27T05:05:56.938Z] GET https://googleads.g.doubleclick.net/pagead/id → 200 (230ms, 113B)
[2026-03-27T05:05:56.938Z] GET https://static.doubleclick.net/instream/ad_status.js → 200 (383ms, 29B)
[2026-03-27T05:05:56.938Z] GET https://www.youtube.com/s/_/ytembeds/_/js/k=ytembeds.base.en_US.OmImfXGX--M.es5.O/am=AAAABQ/d=1/exm=base,root/ed=1/br=1/rs=AGKMywGkdIVRKln3ZnjPDJ64ZttafgrZqA/m=r78Drb → 200 (352ms, 541032B)
[2026-03-27T05:05:57.268Z] GET https://api.feedspace.io/v3/embed/a1ad72ca-8c0a-4305-85b3-c150fddc4824 → 200 (288ms, 29782B)
[2026-03-27T05:05:57.268Z] GET https://api.feedspace.io/v3/embed/fedd18de-8c26-4d9f-8dbd-b013cb666df3 → 200 (206ms, 73024B)
[2026-03-27T05:05:57.316Z] GET https://fonts.gstatic.com/s/roboto/v48/KFO7CnqEu92Fr1ME7kSn66aGLdTylUAMa3yUBHMdazQ.woff2 → 200 (217ms, 34668B)
[2026-03-27T05:05:57.316Z] GET https://i.ytimg.com/vi_webp/jotwNEYiuPo/sddefault.webp → 200 (85ms, 21980B)
[2026-03-27T05:05:57.447Z] GET https://www.google.com/js/th/RA-8Njw1GOs-8l48WIWmY8SfWQmxnm9SyxBiHm54LLs.js → 200 (109ms, 62760B)
[2026-03-27T05:05:57.477Z] POST https://z.clarity.ms/collect → pending (?ms, ?B)
[2026-03-27T05:05:57.533Z] GET https://static.feedspace.io/uploads/Resp9K/thumbs/feed_Resp9K_17570595572-thumb.jpg → pending (?ms, ?B)
[2026-03-27T05:05:57.533Z] GET https://static.feedspace.io/uploads/Resp9K/microlaunch-reviews/microlaunch-review-author-profile-5xgy-1757076119.jpg → pending (?ms, ?B)
[2026-03-27T05:05:57.533Z] GET https://static.feedspace.io/assets/img/social-icons/v2/microlaunch.png → pending (?ms, ?B)
[2026-03-27T05:05:57.533Z] GET https://api.feedspace.io/v3/embed/fedd18de-8c26-4d9f-8dbd-b013cb666df3/log → pending (?ms, ?B)
[2026-03-27T05:05:57.554Z] GET https://static.feedspace.io/uploads/Resp9K/microlaunch-reviews/microlaunch-review-author-profile-b1pP-1757076119.jpg → pending (?ms, ?B)
[2026-03-27T05:05:57.554Z] GET https://static.feedspace.io/uploads/Resp9K/microlaunch-reviews/microlaunch-review-author-profile-WWqT-1757076119.jpg → pending (?ms, ?B)
[2026-03-27T05:05:57.554Z] GET https://static.feedspace.io/uploads/Resp9K/microlaunch-reviews/microlaunch-review-author-profile-R6v5-1757076119.jpg → pending (?ms, ?B)
[2026-03-27T05:05:57.554Z] GET https://static.feedspace.io/uploads/Resp9K/microlaunch-reviews/microlaunch-review-author-profile-mteR-1757076119.png → pending (?ms, ?B)
[2026-03-27T05:05:57.554Z] GET https://static.feedspace.io/uploads/Resp9K/microlaunch-reviews/microlaunch-review-author-profile-5OWb-1757078504.jpg → pending (?ms, ?B)
[2026-03-27T05:05:57.554Z] GET https://static.feedspace.io/uploads/Resp9K/microlaunch-reviews/microlaunch-review-author-profile-dIXV-1757076119.jpg → pending (?ms, ?B)
[2026-03-27T05:05:57.554Z] GET https://static.feedspace.io/uploads/Resp9K/microlaunch-reviews/microlaunch-review-author-profile-8UPd-1757076119.jpg → pending (?ms, ?B)
[2026-03-27T05:05:57.554Z] GET https://static.feedspace.io/uploads/Resp9K/x-reviews/x-review-author-profile-S3ib-1757339328.jpg → pending (?ms, ?B)
[2026-03-27T05:05:57.554Z] GET https://static.feedspace.io/assets/img/social-icons/v2/twitter.png → pending (?ms, ?B)
[2026-03-27T05:05:57.554Z] GET https://static.feedspace.io/uploads/Resp9K/x-reviews/x-review-author-profile-JNdY-1763129254.jpg → pending (?ms, ?B)
[2026-03-27T05:05:57.554Z] GET https://static.feedspace.io/uploads/Resp9K/manual_text_review-reviews/manual_text_review-review-author-profile-acxB-1758025085.jpg → pending (?ms, ?B)
[2026-03-27T05:05:57.554Z] GET https://static.feedspace.io/uploads/Resp9K/linkedin_post-reviews/linkedin_post-review-author-profile-JQQ7-1763735335.jpg → pending (?ms, ?B)
[2026-03-27T05:05:57.555Z] GET https://static.feedspace.io/assets/img/social-icons/v2/linkedin.png → pending (?ms, ?B)
[2026-03-27T05:05:57.555Z] GET https://static.feedspace.io/uploads/Resp9K/microlaunch-reviews/microlaunch-review-author-profile-aVvd-1757076119.png → pending (?ms, ?B)
[2026-03-27T05:05:57.555Z] GET https://static.feedspace.io/uploads/Resp9K/microlaunch-reviews/microlaunch-review-author-profile-xQmC-1757076119.jpg → pending (?ms, ?B)
[2026-03-27T05:05:57.555Z] GET https://static.feedspace.io/uploads/Resp9K/microlaunch-reviews/microlaunch-review-author-profile-rBuE-1757076119.jpg → pending (?ms, ?B)
[2026-03-27T05:05:57.555Z] GET https://static.feedspace.io/uploads/Resp9K/microlaunch-reviews/microlaunch-review-author-profile-n2AC-1757076119.jpg → pending (?ms, ?B)
[2026-03-27T05:05:57.555Z] GET https://static.feedspace.io/uploads/Resp9K/microlaunch-reviews/microlaunch-review-author-profile-Gzwm-1757076119.jpg → pending (?ms, ?B)
[2026-03-27T05:05:57.555Z] GET https://static.feedspace.io/uploads/Resp9K/microlaunch-reviews/microlaunch-review-author-profile-aztt-1757076119.jpg → pending (?ms, ?B)
[2026-03-27T05:05:57.555Z] GET https://static.feedspace.io/uploads/Resp9K/microlaunch-reviews/microlaunch-review-author-profile-Gvj5-1757076119.jpg → pending (?ms, ?B)
[2026-03-27T05:05:57.555Z] GET https://static.feedspace.io/uploads/Resp9K/microlaunch-reviews/microlaunch-review-author-profile-WCzd-1757076119.jpg → pending (?ms, ?B)
[2026-03-27T05:05:57.555Z] GET https://static.feedspace.io/uploads/Resp9K/x-reviews/x-review-author-profile-rIu7-1757339305.jpg → pending (?ms, ?B)
[2026-03-27T05:05:57.555Z] GET https://static.feedspace.io/uploads/Resp9K/manual_text_review-reviews/manual_text_review-review-author-profile-PQT3-1758025273.jpg → pending (?ms, ?B)
[2026-03-27T05:05:57.555Z] GET https://static.feedspace.io/uploads/Resp9K/manual_text_review-reviews/manual_text_review-review-author-profile-ohkt-1758025047.jpg → pending (?ms, ?B)
[2026-03-27T05:05:57.555Z] GET https://static.feedspace.io/uploads/Resp9K/microlaunch-reviews/microlaunch-review-author-profile-kvcj-1757076119.jpg → pending (?ms, ?B)
[2026-03-27T05:05:57.555Z] GET https://static.feedspace.io/uploads/Resp9K/microlaunch-reviews/microlaunch-review-author-profile-565s-1757076119.jpg → pending (?ms, ?B)
[2026-03-27T05:05:57.555Z] GET https://static.feedspace.io/uploads/Resp9K/x-reviews/x-review-author-profile-oHs3-1757339317.jpg → pending (?ms, ?B)
[2026-03-27T05:05:57.555Z] GET https://static.feedspace.io/uploads/Resp9K/microlaunch-reviews/microlaunch-review-author-profile-L27X-1757076119.jpg → pending (?ms, ?B)
[2026-03-27T05:05:57.555Z] GET https://static.feedspace.io/uploads/Resp9K/microlaunch-reviews/microlaunch-review-author-profile-8LHp-1757076119.jpg → pending (?ms, ?B)
[2026-03-27T05:05:57.555Z] GET https://static.feedspace.io/uploads/Resp9K/microlaunch-reviews/microlaunch-review-author-profile-q6U9-1757076119.jpg → pending (?ms, ?B)
[2026-03-27T05:05:57.555Z] GET https://static.feedspace.io/uploads/Resp9K/microlaunch-reviews/microlaunch-review-author-profile-p6LM-1757076119.jpg → pending (?ms, ?B)
[2026-03-27T05:05:57.555Z] GET https://static.feedspace.io/uploads/Resp9K/x-reviews/x-review-author-profile-jJAk-1757059556.jpg → pending (?ms, ?B)
[2026-03-27T05:05:57.555Z] GET https://static.feedspace.io/uploads/Resp9K/x-reviews/x-review-author-profile-5P4w-1757339292.jpg → pending (?ms, ?B)
[2026-03-27T05:05:57.555Z] GET https://static.feedspace.io/uploads/Resp9K/manual_text_review-reviews/manual_text_review-review-author-profile-0mN7-1758025222.jpg → pending (?ms, ?B)
[2026-03-27T05:05:57.556Z] GET https://static.feedspace.io/uploads/Resp9K/manual_text_review-reviews/manual_text_review-review-author-profile-IH7Z-1758024937.jpg → pending (?ms, ?B)
[2026-03-27T05:05:57.609Z] GET https://api.feedspace.io/v3/embed/a1ad72ca-8c0a-4305-85b3-c150fddc4824/log → pending (?ms, ?B)
[2026-03-27T05:05:57.683Z] GET https://www.youtube.com/generate_204?iYt11w → 204 (73ms, ?B)
[2026-03-27T05:05:57.688Z] POST https://jnn-pa.googleapis.com/$rpc/google.internal.waa.v1.Waa/GenerateIT → 200 (600ms, 102B)
[2026-03-27T05:05:59.593Z] POST https://z.clarity.ms/collect → pending (?ms, ?B)
[2026-03-27T05:06:00.304Z] POST https://www.youtube.com/youtubei/v1/log_event?alt=json → 200 (92ms, 28B)
[2026-03-27T05:06:00.959Z] GET https://c.clarity.ms/c.gif → 302 (55ms, ?B)
[2026-03-27T05:06:01.014Z] GET https://c.bing.com/c.gif?ctsa=mr&CtsSyncId=09BE2130DDE24B12BB1DDB8302C61CAB&RedC=c.clarity.ms&MXFR=18D2FABC7F956E183F25ED957B9560B2 → 302 (53ms, ?B)
[2026-03-27T05:06:01.067Z] GET https://c.clarity.ms/c.gif?ctsa=mr&CtsSyncId=09BE2130DDE24B12BB1DDB8302C61CAB&MUID=37756BCC33EC67D712AB7CE532C56679 → 200 (28ms, 42B)
[2026-03-27T05:06:03.962Z] POST https://z.clarity.ms/collect → 204 (198ms, ?B)
[2026-03-27T05:06:35.234Z] POST https://z.clarity.ms/collect → pending (?ms, ?B)
[2026-03-27T05:06:56.453Z] POST https://www.youtube.com/youtubei/v1/log_event?alt=json → 200 (119ms, 28B)
[2026-03-27T05:07:09.734Z] POST https://z.clarity.ms/collect → 204 (826ms, ?B)
[2026-03-27T05:07:16.084Z] POST https://z.clarity.ms/collect → 204 (239ms, ?B)
[2026-03-27T05:07:45.234Z] POST https://z.clarity.ms/collect → pending (?ms, ?B)
[2026-03-27T05:07:54.269Z] POST https://z.clarity.ms/collect → 204 (336ms, ?B)
[2026-03-27T05:08:20.734Z] POST https://z.clarity.ms/collect → pending (?ms, ?B)
[2026-03-27T05:08:32.435Z] POST https://z.clarity.ms/collect → 204 (188ms, ?B)
[2026-03-27T05:08:56.236Z] POST https://z.clarity.ms/collect → pending (?ms, ?B)
[2026-03-27T05:09:08.401Z] POST https://z.clarity.ms/collect → pending (?ms, ?B)
[2026-03-27T05:09:31.734Z] POST https://z.clarity.ms/collect → pending (?ms, ?B)
[2026-03-27T05:09:46.134Z] POST https://z.clarity.ms/collect → 204 (300ms, ?B)
[2026-03-27T05:10:07.237Z] POST https://z.clarity.ms/collect → pending (?ms, ?B)
[2026-03-27T05:10:23.885Z] POST https://z.clarity.ms/collect → 204 (193ms, ?B)
[2026-03-27T05:10:42.734Z] POST https://z.clarity.ms/collect → pending (?ms, ?B)
[2026-03-27T05:10:55.878Z] POST https://us.i.posthog.com/flags/?v=2&ip=0&_=1774588255875&ver=1.363.6&compression=base64 → pending (?ms, ?B)
[2026-03-27T05:11:01.619Z] POST https://z.clarity.ms/collect → pending (?ms, ?B)
[2026-03-27T05:11:38.351Z] POST https://z.clarity.ms/collect → pending (?ms, ?B)
[2026-03-27T05:12:15.085Z] POST https://z.clarity.ms/collect → 204 (814ms, ?B)
[2026-03-27T05:12:51.819Z] POST https://z.clarity.ms/collect → pending (?ms, ?B)
[2026-03-27T05:13:28.551Z] POST https://z.clarity.ms/collect → pending (?ms, ?B)
[2026-03-27T05:14:05.284Z] POST https://z.clarity.ms/collect → 204 (733ms, ?B)
[2026-03-27T05:14:42.034Z] POST https://z.clarity.ms/collect → pending (?ms, ?B)
[2026-03-27T05:15:18.735Z] POST https://z.clarity.ms/collect → pending (?ms, ?B)
[2026-03-27T05:15:53.235Z] POST https://z.clarity.ms/collect → 204 (785ms, ?B)
[2026-03-27T05:15:55.875Z] POST https://us.i.posthog.com/flags/?v=2&ip=0&_=1774588555873&ver=1.363.6&compression=base64 → 200 (232ms, 125B)
[2026-03-27T05:16:27.744Z] POST https://z.clarity.ms/collect → pending (?ms, ?B)
[2026-03-27T05:17:02.251Z] POST https://z.clarity.ms/collect → 204 (869ms, ?B)
[2026-03-27T05:17:45.744Z] POST https://z.clarity.ms/collect → pending (?ms, ?B)
[2026-03-27T05:18:46.745Z] POST https://z.clarity.ms/collect → pending (?ms, ?B)
[2026-03-27T05:19:46.747Z] POST https://z.clarity.ms/collect → pending (?ms, ?B)
[2026-03-27T05:20:46.748Z] POST https://z.clarity.ms/collect → pending (?ms, ?B)
[2026-03-27T05:20:55.878Z] POST https://us.i.posthog.com/flags/?v=2&ip=0&_=1774588855874&ver=1.363.6&compression=base64 → 200 (200ms, 125B)
[2026-03-27T05:21:46.747Z] POST https://z.clarity.ms/collect → pending (?ms, ?B)
[2026-03-27T05:22:16.748Z] POST https://z.clarity.ms/collect → 204 (752ms, ?B)
[2026-03-27T05:25:55.877Z] POST https://us.i.posthog.com/flags/?v=2&ip=0&_=1774589155873&ver=1.363.6&compression=base64 → pending (?ms, ?B)
[2026-03-27T05:30:55.873Z] POST https://us.i.posthog.com/flags/?v=2&ip=0&_=1774589455871&ver=1.363.6&compression=base64 → pending (?ms, ?B)
[2026-03-27T05:35:55.879Z] POST https://us.i.posthog.com/flags/?v=2&ip=0&_=1774589755877&ver=1.363.6&compression=base64 → pending (?ms, ?B)
[2026-03-27T05:35:57.174Z] GET https://googleads.g.doubleclick.net/pagead/id → pending (?ms, ?B)
